year,country,region,happiness_score,freedom_to_make_life_choices,healthy_life_expectancy,perceptions_of_corruption,generosity,gdp_per_capita,social_support,temperature
2015,Afghanistan,South Asia,3.575,0.23414,0.30335,0.09719,0.3651,0.31982,0.30285,13.66
2016,Afghanistan,South Asia,3.36,0.1643,0.17344,0.07112,0.31268,0.38227,0.11037,14.19
2017,Afghanistan,South Asia,3.79399991,0.10617952,0.180746779,0.06115783,0.311870933,0.401477218,0.581543326,13.82
2018,Afghanistan,South Asia,3.632,0.085,0.255,0.036,0.191,0.332,0.537,14.25
2019,Afghanistan,South Asia,3.203,0.14740488,0.361,0.025,0.158,0.35,0.517,13.58
2020,Afghanistan,South Asia,2.566900015,0.14740488,0.266051531,0.001225785,0.135234714,0.30070585,0.356433839,12.91
2021,Afghanistan,South Asia,2.523,0.14740488,0.126,0.01,0.122,0.37,0.4008661941666667,14.28
2022,Afghanistan,South Asia,2.404,0.14740488,0.289,0.005,0.089,0.758,0.4008661941666667,14.48
2015,Albania,Central and Eastern Europe,4.959,0.35733,0.81325,0.06413,0.14272,0.87867,0.80434,12.87
2016,Albania,Central and Eastern Europe,4.655,0.31866,0.73007,0.05301,0.1684,0.9553,0.50163,12.9
2017,Albania,Central and Eastern Europe,4.644000053,0.381498635,0.731159747,0.039864216,0.201312944,0.996192753,0.803685248,12.75
2018,Albania,Central and Eastern Europe,4.586,0.419,0.79,0.032,0.149,0.916,0.817,13.43
2019,Albania,Central and Eastern Europe,4.719,0.383,0.874,0.027,0.178,0.947,0.848,13.33
2020,Albania,Central and Eastern Europe,4.882699966,0.461945891,0.846329629,0.025361285,0.171027765,0.906653047,0.830483913,13.07
2021,Albania,Central and Eastern Europe,5.117,0.491,0.646,0.024,0.168,1.008,0.529,12.89
2022,Albania,Central and Eastern Europe,5.199,0.511,0.719,0.028,0.138,1.439,0.646,13.31
2015,Algeria,Middle East and North Africa,5.605,0.28579,0.61766,0.17383,0.07822,0.93929,1.07772,23.79
2016,Algeria,Middle East and North Africa,6.355,0.21006,0.61804,0.16157,0.07044,1.05266,0.83309,23.99
2017,Algeria,Middle East and North Africa,5.872000217,0.233335808,0.617584646,0.14609611,0.069436647,1.091864467,1.146217465,23.86
2018,Algeria,Middle East and North Africa,5.295,0.077,0.687,0.135,0.055,0.979,1.154,23.5
2019,Algeria,Middle East and North Africa,5.211,0.086,0.785,0.114,0.073,1.002,1.16,23.65
2020,Algeria,Middle East and North Africa,5.005099773,0.083943799,0.745418549,0.129190654,0.118915014,0.943856001,1.143003583,23.78
2021,Algeria,Middle East and North Africa,4.887,0.119,0.552,0.12,0.144,0.946,0.765,23.92
2022,Algeria,Middle East and North Africa,5.122,0.146,0.643,0.15,0.106,1.363,0.97,24.11
2015,Argentina,Latin America and Caribbean,6.574,0.44974,0.78723,0.08484,0.11451,1.05351,1.24823,15.48
2016,Argentina,Latin America and Caribbean,6.65,0.42284,0.69711,0.07296,0.10989,1.15137,1.06612,14.98
2017,Argentina,Latin America and Caribbean,6.598999977,0.494519204,0.695137084,0.059739888,0.109457061,1.185295463,1.440451145,15.53
2018,Argentina,Latin America and Caribbean,6.388,0.57,0.744,0.054,0.062,1.073,1.468,15.21
2019,Argentina,Latin America and Caribbean,6.086,0.471,0.881,0.05,0.066,1.092,1.432,15.19
2020,Argentina,Latin America and Caribbean,5.974699974,0.520840347,0.849773705,0.060415059,0.070100471,1.028465629,1.372543693,15.52
2021,Argentina,Latin America and Caribbean,5.929,0.544,0.646,0.067,0.069,1.162,0.98,15.4
2022,Argentina,Latin America and Caribbean,5.967,0.555,0.662,0.085,0.081,1.592,1.102,15.07
2015,Armenia,Central and Eastern Europe,4.35,0.19847,0.7299,0.039,0.07855,0.76821,0.77711,8.41
2016,Armenia,Central and Eastern Europe,4.36,0.14037,0.64083,0.03616,0.07793,0.86086,0.62477,7.81
2017,Armenia,Central and Eastern Europe,4.375999928,0.198303267,0.637524426,0.026674422,0.083488092,0.900596738,1.007483721,8.08
2018,Armenia,Central and Eastern Europe,4.321,0.26,0.666,0.028,0.077,0.816,0.99,9.32
2019,Armenia,Central and Eastern Europe,4.559,0.283,0.815,0.064,0.095,0.85,1.055,8.64
2020,Armenia,Central and Eastern Europe,4.676799774,0.378075808,0.77585727,0.104618184,0.107225738,0.808262408,1.034576893,8.41
2021,Armenia,Central and Eastern Europe,5.283,0.54,0.585,0.198,0.079,0.996,0.758,8.81
2022,Armenia,Central and Eastern Europe,5.399,0.558,0.668,0.21,0.054,1.434,0.82,8.64
2015,Australia,North America and ANZ,7.284,0.65124,0.93156,0.35637,0.43562,1.33358,1.30923,22.33
2016,Australia,North America and ANZ,7.313,0.56837,0.8512,0.32331,0.47407,1.44443,1.10476,22.41
2017,Australia,North America and ANZ,7.28399992,0.601607382,0.843886793,0.30118373,0.47769925,1.484414935,1.510041952,22.48
2018,Australia,North America and ANZ,7.272,0.647,0.91,0.302,0.361,1.34,1.573,22.49
2019,Australia,North America and ANZ,7.228,0.557,1.036,0.29,0.332,1.372,1.548,22.78
2020,Australia,North America and ANZ,7.222799778,0.621877193,1.022607684,0.335996419,0.324973613,1.310396433,1.477146268,22.56
2021,Australia,North America and ANZ,7.183,0.647,0.801,0.317,0.291,1.453,1.076,22.05
2022,Australia,North America and ANZ,7.162,0.676,0.772,0.341,0.258,1.9,1.203,21.96
2015,Austria,Western Europe,7.2,0.62433,0.89042,0.18676,0.33088,1.33723,1.29704,8.31
2016,Austria,Western Europe,7.119,0.54355,0.80565,0.21348,0.32865,1.45038,1.08383,7.76
2017,Austria,Western Europe,7.006000042,0.56776619,0.815328419,0.221060365,0.316472322,1.487097263,1.459944963,7.71
2018,Austria,Western Europe,7.139,0.617,0.891,0.224,0.242,1.341,1.504,8.55
2019,Austria,Western Europe,7.246,0.532,1.016,0.226,0.244,1.376,1.475,8.46
2020,Austria,Western Europe,7.294199944,0.603368878,1.000933528,0.281256139,0.255509764,1.317285538,1.437444925,8.25
2021,Austria,Western Europe,7.268,0.64,0.782,0.292,0.215,1.492,1.062,7.41
2022,Austria,Western Europe,7.163,0.623,0.774,0.329,0.193,1.931,1.165,8.65
2015,Azerbaijan,Central and Eastern Europe,5.212,0.3703,0.64045,0.16065,0.07799,1.02389,0.93793,13.55
2016,Azerbaijan,Central and Eastern Europe,5.291,0.35327,0.54504,0.17914,0.0564,1.12373,0.76042,12.93
2017,Azerbaijan,Central and Eastern Europe,5.234000206,0.398155838,0.540775776,0.180987507,0.04526934,1.153601766,1.152400255,13.22
2018,Azerbaijan,Central and Eastern Europe,5.201,0.43,0.603,0.176,0.031,1.024,1.161,14.2
2019,Azerbaijan,Central and Eastern Europe,5.208,0.351,0.769,0.182,0.035,1.043,1.147,13.75
2020,Azerbaijan,Central and Eastern Europe,5.164800167,0.467734724,0.731134057,0.247307181,0.040113214,0.990272701,1.180613041,13.38
2021,Azerbaijan,Central and Eastern Europe,5.171,0.526,0.541,0.276,0.043,1.025,0.841,13.9
2022,Azerbaijan,Central and Eastern Europe,5.173,0.601,0.56,0.341,0.023,1.458,1.093,13.84
2015,Bahrain,Middle East and North Africa,5.96,0.45492,0.74716,0.306,0.17362,1.32376,1.21624,28.31
2016,Bahrain,Middle East and North Africa,6.218,0.47375,0.65696,0.25772,0.17147,1.44024,0.94397,28.43
2017,Bahrain,Middle East and North Africa,6.086999893,0.536746919,0.653133035,0.25704217,0.172668487,1.488412261,1.323110461,28.34
2018,Bahrain,Middle East and North Africa,6.105,0.594,0.698,0.123,0.243,1.338,1.366,28.79
2019,Bahrain,Middle East and North Africa,6.199,0.536,0.871,0.11,0.255,1.362,1.368,28.38
2020,Bahrain,Middle East and North Africa,6.227300167,0.610399902,0.838836372,0.126697257,0.287453711,1.296692252,1.31532371,28.19
2021,Bahrain,Middle East and North Africa,6.647,0.661,0.662,0.139,0.246,1.409,0.899,29.18
2022,Bahrain,Middle East and North Africa,6.647,0.693,0.625,0.155,0.199,1.854,1.029,28.84
2015,Bangladesh,South Asia,4.694,0.4082,0.60164,0.12569,0.21222,0.39753,0.43106,25.44
2016,Bangladesh,South Asia,4.643,0.39778,0.52989,0.12583,0.19132,0.54177,0.24749,25.9
2017,Bangladesh,South Asia,4.607999802,0.478356659,0.533241034,0.123717859,0.172255352,0.586682975,0.735131741,25.67
2018,Bangladesh,South Asia,4.5,0.58,0.579,0.144,0.153,0.532,0.85,25.27
2019,Bangladesh,South Asia,4.456,0.527,0.723,0.143,0.166,0.562,0.928,25.62
2020,Bangladesh,South Asia,4.832799911,0.604130566,0.694940507,0.176735908,0.176745117,0.556156278,0.868800581,25.39
2021,Bangladesh,South Asia,5.025,0.603,0.514,0.164,0.161,0.635,0.52,25.7
2022,Bangladesh,South Asia,5.155,0.622,0.581,0.187,0.125,1.06,0.614,25.74
2015,Belarus,Central and Eastern Europe,5.813,0.37938,0.73608,0.1909,0.11046,1.03192,1.23289,8.67
2016,Belarus,Central and Eastern Europe,5.802,0.29091,0.63104,0.17457,0.13942,1.13062,1.04993,7.81
2017,Belarus,Central and Eastern Europe,5.568999767,0.295400262,0.637714267,0.156313822,0.155137509,1.15655756,1.444945216,7.75
2018,Belarus,Central and Eastern Europe,5.483,0.307,0.7,0.154,0.101,1.039,1.498,8.11
2019,Belarus,Central and Eastern Europe,5.323,0.235,0.789,0.142,0.094,1.067,1.465,8.85
2020,Belarus,Central and Eastern Europe,5.539899826,0.290755868,0.75258857,0.193607435,0.08993306,1.018854499,1.38713932,9.09
2021,Belarus,Central and Eastern Europe,5.534,0.326,0.56,0.199,0.07,1.124,1.007,7.33
2022,Belarus,Central and Eastern Europe,5.821,0.342,0.629,0.282,0.04,1.562,1.157,7.98
2015,Belgium,Western Europe,6.937,0.5845,0.89667,0.2254,0.2225,1.30782,1.28566,11.08
2016,Belgium,Western Europe,6.929,0.51354,0.81959,0.26248,0.2424,1.42539,1.05249,10.76
2017,Belgium,Western Europe,6.890999794,0.539770722,0.818091869,0.251343131,0.231503338,1.463780761,1.462312698,11.07
2018,Belgium,Western Europe,6.927,0.583,0.894,0.24,0.188,1.324,1.483,11.65
2019,Belgium,Western Europe,6.923,0.473,0.986,0.21,0.16,1.356,1.504,11.39
2020,Belgium,Western Europe,6.863500118,0.499805421,0.964901149,0.208724052,0.146966159,1.295842767,1.398677588,11.89
2021,Belgium,Western Europe,6.834,0.489,0.747,0.187,0.088,1.463,0.998,10.48
2022,Belgium,Western Europe,6.805,0.492,0.764,0.204,0.049,1.907,1.106,11.98
2015,Benin,Sub-Saharan Africa,3.34,0.4845,0.3191,0.0801,0.1826,0.28665,0.35386,28.27
2016,Benin,Sub-Saharan Africa,3.484,0.39747,0.21028,0.06681,0.2018,0.39499,0.10419,28.53
2017,Benin,Sub-Saharan Africa,3.657000065,0.425962776,0.209930211,0.060929015,0.207948461,0.431085408,0.435299844,28.34
2018,Benin,Sub-Saharan Africa,4.141,0.44,0.24,0.067,0.163,0.378,0.372,28.33
2019,Benin,Sub-Saharan Africa,4.883,0.349,0.397,0.082,0.175,0.393,0.437,28.17
2020,Benin,Sub-Saharan Africa,5.21600008,0.40583989,0.328062952,0.125931874,0.196670428,0.366244704,0.352428436,28.43
2021,Benin,Sub-Saharan Africa,5.045,0.457,0.196,0.178,0.166,0.507,0.058,28.7
2022,Benin,Sub-Saharan Africa,4.623,0.479,0.335,0.23,0.127,0.932,0.064,28.09
2015,Bolivia,Latin America and Caribbean,5.89,0.57414,0.5392,0.088,0.20536,0.68133,0.97841,21.23
2016,Bolivia,Latin America and Caribbean,5.822,0.50961,0.4697,0.07746,0.21698,0.79422,0.83779,20.87
2017,Bolivia,Latin America and Caribbean,5.822999954,0.558732927,0.47363025,0.060477726,0.225560725,0.833756566,1.227619052,20.95
2018,Bolivia,Latin America and Caribbean,5.752,0.606,0.508,0.054,0.141,0.751,1.223,20.55
2019,Bolivia,Latin America and Caribbean,5.779,0.511,0.706,0.064,0.137,0.776,1.209,20.88
2020,Bolivia,Latin America and Caribbean,5.747499943,0.5744645,0.662445664,0.072942637,0.138375074,0.730976343,1.142350554,21.34
2021,Bolivia,Latin America and Caribbean,5.716,0.6,0.486,0.064,0.138,0.842,0.782,20.8
2022,Bolivia,Latin America and Caribbean,5.6,0.627,0.555,0.064,0.112,1.256,0.88,20.68
2015,Botswana,Sub-Saharan Africa,4.332,0.49495,0.04776,0.12474,0.10461,0.99355,1.10464,22.65
2016,Botswana,Sub-Saharan Africa,3.974,0.44089,0.34752,0.10769,0.12425,1.09426,0.89186,22.67
2017,Botswana,Sub-Saharan Africa,3.766000032,0.505196333,0.341755509,0.098583199,0.099348448,1.122094154,1.221554995,22.11
2018,Botswana,Sub-Saharan Africa,3.59,0.557,0.417,0.092,0.042,1.017,1.174,22.3
2019,Botswana,Sub-Saharan Africa,3.488,0.455,0.538,0.1,0.025,1.041,1.145,22.98
2020,Botswana,Sub-Saharan Africa,3.478899956,0.50908941,0.494101733,0.101786368,0.033407487,0.997548997,1.08569479,22.06
2021,Botswana,Sub-Saharan Africa,3.467,0.539,0.34,0.088,0.027,1.099,0.724,21.74
2022,Botswana,Sub-Saharan Africa,3.471,0.571,0.28,0.102,0.012,1.503,0.815,22.0
2015,Brazil,Latin America and Caribbean,6.983,0.49049,0.69702,0.17521,0.14574,0.98124,1.23287,25.97
2016,Brazil,Latin America and Caribbean,6.952,0.40425,0.61415,0.14166,0.15776,1.08754,1.03938,25.84
2017,Brazil,Latin America and Caribbean,6.635000229,0.437453747,0.616552353,0.111092761,0.162349895,1.10735321,1.431306005,25.77
2018,Brazil,Latin America and Caribbean,6.419,0.493,0.675,0.088,0.11,0.986,1.474,25.59
2019,Brazil,Latin America and Caribbean,6.3,0.39,0.802,0.086,0.099,1.004,1.439,25.94
2020,Brazil,Latin America and Caribbean,6.375599861,0.483292729,0.766119063,0.106518604,0.131674588,0.952679873,1.363464117,25.93
2021,Brazil,Latin America and Caribbean,6.33,0.514,0.571,0.117,0.142,1.028,0.944,25.57
2022,Brazil,Latin America and Caribbean,6.293,0.546,0.615,0.134,0.131,1.462,1.044,25.54
2015,Bulgaria,Central and Eastern Europe,4.218,0.30587,0.76649,0.00872,0.11921,1.01216,1.10614,11.85
2016,Bulgaria,Central and Eastern Europe,4.217,0.21219,0.67806,0.00615,0.12793,1.11306,0.92542,11.9
2017,Bulgaria,Central and Eastern Europe,4.714000225,0.289231718,0.70821768,0.011051531,0.113177694,1.161459088,1.434379458,11.75
2018,Bulgaria,Central and Eastern Europe,4.933,0.359,0.712,0.009,0.064,1.054,1.515,12.34
2019,Bulgaria,Central and Eastern Europe,5.011,0.311,0.815,0.004,0.081,1.092,1.513,12.81
2020,Bulgaria,Central and Eastern Europe,5.101500034,0.417820066,0.777776897,0.00927450442857143,0.103833713,1.046554685,1.460578918,12.49
2021,Bulgaria,Central and Eastern Europe,5.266,0.494,0.583,0.005,0.125,1.181,1.055,11.97
2022,Bulgaria,Central and Eastern Europe,5.371,0.563,0.64,0.021,0.123,1.625,1.163,12.28
2015,Cambodia,Southeast Asia,3.819,0.66246,0.61114,0.07247,0.40359,0.46038,0.62736,27.8
2016,Cambodia,Southeast Asia,3.907,0.58852,0.42494,0.08092,0.40339,0.55604,0.5375,27.97
2017,Cambodia,Southeast Asia,4.168000221,0.633375823,0.429783404,0.068105951,0.385922968,0.601765096,1.006238341,27.45
2018,Cambodia,Southeast Asia,4.433,0.696,0.457,0.065,0.256,0.549,1.088,27.47
2019,Cambodia,Southeast Asia,4.7,0.609,0.637,0.062,0.232,0.574,1.122,27.99
2020,Cambodia,Southeast Asia,4.848400116,0.674940348,0.587904334,0.072837502,0.233342081,0.544634938,1.071426034,27.89
2021,Cambodia,Southeast Asia,4.83,0.702,0.426,0.061,0.21,0.603,0.68,27.44
2022,Cambodia,Southeast Asia,4.64,0.74,0.505,0.068,0.166,1.019,0.732,27.25
2015,Cameroon,Sub-Saharan Africa,4.252,0.49309,0.23402,0.05786,0.20618,0.4225,0.88767,24.94
2016,Cameroon,Sub-Saharan Africa,4.513,0.42736,0.12698,0.06126,0.2268,0.52497,0.62542,25.2
2017,Cameroon,Sub-Saharan Africa,4.695000172,0.430388749,0.132892117,0.051306631,0.236298457,0.564305365,0.946018219,24.93
2018,Cameroon,Sub-Saharan Africa,4.975,0.454,0.182,0.043,0.183,0.535,0.891,24.93
2019,Cameroon,Sub-Saharan Africa,5.044,0.381,0.331,0.037,0.187,0.549,0.91,24.87
2020,Cameroon,Sub-Saharan Africa,5.084899902,0.439242482,0.270189553,0.054393422,0.198020101,0.503958046,0.89972645,25.21
2021,Cameroon,Sub-Saharan Africa,5.142,0.425,0.159,0.058,0.205,0.543,0.556,25.2
2022,Cameroon,Sub-Saharan Africa,5.048,0.397,0.317,0.074,0.152,0.968,0.672,24.94
2015,Canada,North America and ANZ,7.427,0.63297,0.90563,0.32957,0.45811,1.32629,1.32261,-3.88
2016,Canada,North America and ANZ,7.404,0.5737,0.8276,0.31329,0.44834,1.44015,1.0961,-3.19
2017,Canada,North America and ANZ,7.315999985,0.611100912,0.834557652,0.287371516,0.435539722,1.479204416,1.481348991,-3.76
2018,Canada,North America and ANZ,7.328,0.653,0.896,0.291,0.321,1.33,1.532,-4.62
2019,Canada,North America and ANZ,7.278,0.584,1.039,0.308,0.285,1.365,1.505,-4.33
2020,Canada,North America and ANZ,7.23210001,0.644028127,1.022501945,0.351701856,0.28152892,1.301647663,1.435391903,-4.25
2021,Canada,North America and ANZ,7.103,0.648,0.798,0.335,0.246,1.447,1.044,-3.7
2022,Canada,North America and ANZ,7.025,0.659,0.783,0.368,0.217,1.886,1.188,-4.22
2015,Chad,Sub-Saharan Africa,3.667,0.23501,0.1501,0.05269,0.18386,0.34193,0.76062,27.69
2016,Chad,Sub-Saharan Africa,3.763,0.12807,0.03824,0.04952,0.18667,0.42214,0.63178,27.96
2017,Chad,Sub-Saharan Africa,3.936000109,0.162342027,0.041134715,0.053581882,0.21611385,0.438012987,0.953855872,27.59
2018,Chad,Sub-Saharan Africa,4.301,0.189,0.053,0.06,0.181,0.358,0.907,27.61
2019,Chad,Sub-Saharan Africa,4.35,0.174,0.192,0.078,0.198,0.35,0.766,27.76
2020,Chad,Sub-Saharan Africa,4.422699928,0.228601769,0.1087441,0.085755408,0.210805088,0.302287489,0.739118278,27.35
2021,Chad,Sub-Saharan Africa,4.355,0.24,0.11545983071428571,0.084,0.215,0.255,0.353,27.7
2022,Chad,Sub-Saharan Africa,4.251,0.18,0.225,0.077,0.182,0.662,0.506,27.28
2015,Chile,Latin America and Caribbean,6.67,0.44132,0.85857,0.12869,0.33363,1.10715,1.12447,9.74
2016,Chile,Latin America and Caribbean,6.705,0.37789,0.81883,0.11451,0.31595,1.2167,0.90587,9.75
2017,Chile,Latin America and Caribbean,6.65199995,0.376895279,0.819479704,0.082287982,0.326662421,1.25278461,1.284024954,9.77
2018,Chile,Latin America and Caribbean,6.476,0.431,0.808,0.061,0.197,1.131,1.331,9.47
2019,Chile,Latin America and Caribbean,6.444,0.357,0.92,0.056,0.187,1.159,1.369,9.56
2020,Chile,Latin America and Caribbean,6.228499889,0.417482227,0.889260828,0.06284935,0.155579001,1.096992493,1.323286891,9.87
2021,Chile,Latin America and Caribbean,6.172,0.438,0.678,0.07,0.159,1.2,0.946,9.81
2022,Chile,Latin America and Caribbean,6.172,0.46,0.748,0.069,0.124,1.651,1.08,9.37
2015,Colombia,Latin America and Caribbean,6.477,0.53466,0.69077,0.0512,0.18401,0.91861,1.24018,25.62
2016,Colombia,Latin America and Caribbean,6.481,0.44735,0.59659,0.05399,0.15626,1.03032,1.02169,25.62
2017,Colombia,Latin America and Caribbean,6.356999874,0.477487415,0.595027924,0.046668742,0.149014473,1.070622325,1.402182937,25.11
2018,Colombia,Latin America and Caribbean,6.26,0.531,0.635,0.039,0.099,0.96,1.439,25.03
2019,Colombia,Latin America and Caribbean,6.125,0.47,0.841,0.034,0.099,0.985,1.41,25.42
2020,Colombia,Latin America and Caribbean,6.163400173,0.526890039,0.810020149,0.04584837,0.092374094,0.93220371,1.33445096,25.35
2021,Colombia,Latin America and Caribbean,6.012,0.554,0.615,0.063,0.1,1.021,0.866,24.97
2022,Colombia,Latin America and Caribbean,5.781,0.545,0.72,0.077,0.087,1.452,0.929,24.71
2015,Congo,Sub-Saharan Africa,3.989,0.41466,0.31051,0.11686,0.12388,0.67866,0.6629,24.33
2016,Congo,Sub-Saharan Africa,4.236,0.37938,0.28212,0.09753,0.12077,0.77109,0.47799,24.54
2017,Congo,Sub-Saharan Africa,4.290999889,0.435025871,0.289957434,0.079618134,0.120852128,0.808964252,0.832044363,24.41
2018,Congo,Sub-Saharan Africa,4.559,0.514,0.343,0.077,0.091,0.682,0.811,24.32
2019,Congo,Sub-Saharan Africa,4.812,0.372,0.508,0.093,0.105,0.673,0.799,24.37
2020,Congo,Sub-Saharan Africa,5.194399834,0.386514395,0.458101124,0.118670784,0.117216013,0.633616745,0.757636011,24.48
2021,Congo,Sub-Saharan Africa,5.342,0.381,0.307,0.124,0.144,0.518,0.392,24.46
2022,Congo,Sub-Saharan Africa,5.075,0.431,0.355,0.146,0.13,0.95,0.405,24.38
2015,Costa Rica,Latin America and Caribbean,7.226,0.63376,0.86027,0.10583,0.25497,0.95578,1.23788,25.11
2016,Costa Rica,Latin America and Caribbean,7.087,0.55225,0.76146,0.10547,0.22553,1.06879,1.02152,25.13
2017,Costa Rica,Latin America and Caribbean,7.078999996,0.58013165,0.759509265,0.100106589,0.214613229,1.109706283,1.416403651,24.91
2018,Costa Rica,Latin America and Caribbean,7.072,0.632,0.817,0.101,0.143,1.01,1.459,24.51
2019,Costa Rica,Latin America and Caribbean,7.167,0.558,0.963,0.093,0.144,1.034,1.441,24.87
2020,Costa Rica,Latin America and Caribbean,7.121399879,0.645017743,0.939635336,0.096362092,0.131266311,0.981107712,1.374853611,25.07
2021,Costa Rica,Latin America and Caribbean,7.069,0.673,0.722,0.083,0.105,1.134,0.966,24.89
2022,Costa Rica,Latin America and Caribbean,6.582,0.661,0.744,0.102,0.089,1.584,1.054,24.64
2015,Croatia,Central and Eastern Europe,5.759,0.25883,0.78805,0.0243,0.05444,1.08254,0.79624,12.67
2016,Croatia,Central and Eastern Europe,5.488,0.23907,0.70524,0.04002,0.18434,1.18649,0.60809,12.26
2017,Croatia,Central and Eastern Europe,5.293000221,0.255772293,0.701288521,0.04310311,0.248002976,1.222556233,0.967983007,12.29
2018,Croatia,Central and Eastern Europe,5.321,0.38,0.737,0.039,0.12,1.115,1.161,13.08
2019,Croatia,Central and Eastern Europe,5.432,0.296,0.914,0.022,0.119,1.155,1.266,13.16
2020,Croatia,Central and Eastern Europe,5.504700184,0.381456882,0.900575578,0.012325006,0.113998979,1.109024286,1.311264873,12.62
2021,Croatia,Central and Eastern Europe,5.882,0.453,0.703,0.030124686,0.111,1.251,1.039,12.19
2022,Croatia,Central and Eastern Europe,6.125,0.535,0.709,0.030124686,0.109,1.705,1.183,13.16
2015,Cyprus,Western Europe,5.689,0.40672,0.92356,0.06146,0.30638,1.20813,0.89318,18.91
2016,Cyprus,Western Europe,5.546,0.29507,0.8488,0.05228,0.27906,1.31857,0.70697,19.61
2017,Cyprus,Western Europe,5.620999813,0.355111539,0.844714701,0.041237976,0.271254301,1.355938077,1.131363273,19.21
2018,Cyprus,Western Europe,5.762,0.423,0.909,0.035,0.202,1.229,1.191,20.12
2018,Cyprus,Western Europe,5.835,0.495,0.909,0.154,0.179,1.229,1.211,20.12
2019,Cyprus,Western Europe,6.046,0.406,1.042,0.041,0.19,1.263,1.223,19.49
2019,Cyprus,Western Europe,5.718,0.417,1.042,0.162,0.191,1.263,1.252,19.49
2020,Cyprus,Western Europe,6.15899992,0.459385872,1.026124597,0.051207144,0.227932334,1.21279943,1.149170756,19.78
2021,Cyprus,Western Europe,6.223,0.464,0.801,0.061,0.178,1.377,0.765,19.87
2022,Cyprus,Western Europe,6.221,0.448,0.819,0.062,0.123,1.815,0.909,19.33
2015,Denmark,Western Europe,7.527,0.64938,0.87464,0.48357,0.34139,1.32548,1.36058,9.38
2016,Denmark,Western Europe,7.526,0.57941,0.79504,0.44453,0.36171,1.44178,1.16374,9.14
2017,Denmark,Western Europe,7.521999836,0.626006722,0.792565525,0.400770068,0.355280489,1.482383013,1.551121593,9.05
2018,Denmark,Western Europe,7.555,0.683,0.868,0.408,0.284,1.351,1.59,9.69
2019,Denmark,Western Europe,7.6,0.592,0.996,0.41,0.252,1.383,1.573,9.71
2020,Denmark,Western Europe,7.645599842,0.665039897,0.979332566,0.495260328,0.242793396,1.326948524,1.503449202,10.08
2021,Denmark,Western Europe,7.62,0.686,0.763,0.485,0.208,1.502,1.108,8.96
2022,Denmark,Western Europe,7.636,0.719,0.777,0.532,0.188,1.953,1.243,9.77
2015,Dominican Republic,Latin America and Caribbean,4.885,0.57672,0.66825,0.14234,0.21684,0.89537,1.17202,25.1
2016,Dominican Republic,Latin America and Caribbean,5.155,0.52259,0.57669,0.12372,0.21286,1.02787,0.99496,24.93
2017,Dominican Republic,Latin America and Caribbean,5.230000019,0.552589834,0.574873745,0.113945253,0.18696785,1.079373837,1.402416706,24.74
2018,Dominican Republic,Latin America and Caribbean,5.302,0.578,0.614,0.106,0.12,0.982,1.441,24.61
2019,Dominican Republic,Latin America and Caribbean,5.425,0.497,0.779,0.101,0.113,1.015,1.401,24.91
2020,Dominican Republic,Latin America and Caribbean,5.689199924,0.5628739,0.741901696,0.115945682,0.112196781,0.983191848,1.328888893,24.91
2021,Dominican Republic,Latin America and Caribbean,5.545,0.581,0.555,0.144,0.101,1.106,0.879,24.75
2022,Dominican Republic,Latin America and Caribbean,5.737,0.606,0.577,0.179,0.084,1.538,1.003,24.57
2015,Ecuador,Latin America and Caribbean,5.975,0.48574,0.79075,0.1809,0.11541,0.86402,0.99903,22.14
2016,Ecuador,Latin America and Caribbean,5.976,0.4027,0.68613,0.18037,0.10074,0.97306,0.85974,21.96
2017,Ecuador,Latin America and Caribbean,6.007999897,0.455198199,0.685636222,0.140134647,0.150112465,1.000820398,1.286168814,21.76
2018,Ecuador,Latin America and Caribbean,5.973,0.556,0.736,0.12,0.114,0.889,1.33,21.53
2019,Ecuador,Latin America and Caribbean,6.028,0.498,0.868,0.087,0.126,0.912,1.312,22.0
2020,Ecuador,Latin America and Caribbean,5.925199986,0.555234551,0.838837743,0.086753383,0.115006477,0.853383601,1.221027613,21.81
2021,Ecuador,Latin America and Caribbean,5.764,0.56,0.64,0.062,0.107,0.935,0.806,21.42
2022,Ecuador,Latin America and Caribbean,5.533,0.565,0.708,0.083,0.08,1.352,0.879,21.07
2015,Egypt,Middle East and North Africa,4.194,0.17288,0.61712,0.06324,0.11291,0.8818,0.747,23.44
2016,Egypt,Middle East and North Africa,4.362,0.18847,0.52116,0.10393,0.12706,0.95395,0.49813,23.82
2017,Egypt,Middle East and North Africa,4.735000134,0.282110155,0.520187259,0.114381365,0.128631443,0.989701807,0.997471392,23.31
2018,Egypt,Middle East and North Africa,4.419,0.312,0.553,0.107,0.092,0.885,1.025,24.08
2019,Egypt,Middle East and North Africa,4.166,0.241,0.644,0.067,0.076,0.913,1.039,23.38
2020,Egypt,Middle East and North Africa,4.151400089,0.373684734,0.596911311,0.095461793,0.068801254,0.875228941,0.982539535,23.18
2021,Egypt,Middle East and North Africa,4.283,0.446,0.426,0.092,0.069,0.954,0.647,23.88
2022,Egypt,Middle East and North Africa,4.288,0.469,0.548,0.254,0.041,1.388,0.732,23.23
2015,Estonia,Central and Eastern Europe,5.429,0.44888,0.77361,0.15184,0.0868,1.15174,1.22791,7.39
2016,Estonia,Central and Eastern Europe,5.517,0.41511,0.68098,0.18519,0.08423,1.27964,1.05163,6.48
2017,Estonia,Central and Eastern Europe,5.611000061,0.47913143,0.695168316,0.183248922,0.098890811,1.32087934,1.4766711,6.29
2018,Estonia,Central and Eastern Europe,5.739,0.553,0.737,0.174,0.086,1.2,1.532,7.02
2019,Estonia,Central and Eastern Europe,5.893,0.495,0.874,0.161,0.103,1.237,1.528,7.2
2020,Estonia,Central and Eastern Europe,6.021800041,0.576664805,0.842615008,0.201766819,0.125136748,1.192441225,1.453232527,8.14
2021,Estonia,Central and Eastern Europe,6.189,0.641,0.64,0.263,0.119,1.344,1.079,6.3
2022,Estonia,Central and Eastern Europe,6.341,0.689,0.728,0.333,0.123,1.793,1.232,6.9
2015,Ethiopia,Sub-Saharan Africa,4.512,0.4345,0.44055,0.15048,0.24325,0.19073,0.60406,23.94
2016,Ethiopia,Sub-Saharan Africa,4.508,0.36703,0.34578,0.1717,0.29522,0.29283,0.37932,23.92
2017,Ethiopia,Sub-Saharan Africa,4.460000038,0.408842742,0.353409708,0.165455714,0.31265074,0.339233845,0.864669204,23.64
2018,Ethiopia,Sub-Saharan Africa,4.35,0.452,0.391,0.146,0.22,0.308,0.95,23.26
2019,Ethiopia,Sub-Saharan Africa,4.286,0.344,0.532,0.1,0.209,0.336,1.033,23.42
2020,Ethiopia,Sub-Saharan Africa,4.186200142,0.41256687,0.483846247,0.117437035,0.227698103,0.315125644,1.001103282,23.35
2021,Ethiopia,Sub-Saharan Africa,4.275,0.451,0.331,0.114,0.241,0.37,0.679,23.41
2022,Ethiopia,Sub-Saharan Africa,4.241,0.472,0.457,0.136,0.205,0.788,0.809,23.45
2015,Finland,Western Europe,7.406,0.64169,0.88911,0.41372,0.23351,1.29025,1.31826,3.6
2016,Finland,Western Europe,7.413,0.57104,0.81091,0.41004,0.25492,1.40598,1.13464,2.97
2017,Finland,Western Europe,7.468999863,0.617950857,0.80915767,0.382611543,0.245482773,1.443571925,1.540246725,2.4
2018,Finland,Western Europe,7.632,0.681,0.874,0.393,0.202,1.305,1.592,3.1
2019,Finland,Western Europe,7.769,0.596,0.986,0.393,0.153,1.34,1.587,2.67
2020,Finland,Western Europe,7.808700085,0.66231674,0.961271405,0.477857262,0.159670442,1.285189509,1.499525905,4.15
2021,Finland,Western Europe,7.842,0.691,0.741,0.481,0.124,1.446,1.106,2.34
2022,Finland,Western Europe,7.821,0.736,0.775,0.534,0.109,1.892,1.258,3.24
2015,France,Western Europe,6.575,0.55011,0.94579,0.20646,0.12332,1.27778,1.26038,12.17
2016,France,Western Europe,6.478,0.46562,0.83795,0.17808,0.1216,1.39488,1.00508,11.74
2017,France,Western Europe,6.441999912,0.470222116,0.844465852,0.172502428,0.129762307,1.430923462,1.387776852,11.96
2018,France,Western Europe,6.489,0.52,0.908,0.176,0.098,1.293,1.466,12.64
2019,France,Western Europe,6.592,0.436,1.045,0.183,0.111,1.324,1.472,12.38
2020,France,Western Europe,6.663799763,0.514050901,1.029714227,0.227303237,0.112607703,1.268129349,1.458839178,12.73
2021,France,Western Europe,6.69,0.536,0.804,0.235,0.092,1.421,1.081,11.58
2022,France,Western Europe,6.687,0.567,0.808,0.266,0.07,1.863,1.219,13.16
2015,Gabon,Sub-Saharan Africa,3.896,0.31914,0.43372,0.11091,0.06822,1.06024,0.90528,25.38
2016,Gabon,Sub-Saharan Africa,4.121,0.28098,0.3494,0.09314,0.06244,1.15851,0.72368,25.67
2017,Gabon,Sub-Saharan Africa,4.465000153,0.312328577,0.356578588,0.076046787,0.043785378,1.198210239,1.155620217,25.33
2018,Gabon,Sub-Saharan Africa,4.758,0.356,0.404,0.052,0.032,1.036,1.164,25.54
2019,Gabon,Sub-Saharan Africa,4.799,0.295,0.571,0.055,0.043,1.057,1.183,25.41
2020,Gabon,Sub-Saharan Africa,4.829299927,0.369459897,0.522574842,0.055804539,0.052013602,0.988044381,1.10639751,25.73
2021,Gabon,Sub-Saharan Africa,4.852,0.424,0.362,0.064,0.058,1.037,0.707,25.66
2022,Gabon,Sub-Saharan Africa,4.958,0.343,0.396,0.099,0.032,1.459,0.738,25.46
2015,Georgia,Central and Eastern Europe,4.297,0.40577,0.72926,0.38331,0.05547,0.7419,0.38562,9.59
2016,Georgia,Central and Eastern Europe,4.252,0.32461,0.64035,0.3188,0.06786,0.83792,0.19249,9.16
2017,Georgia,Central and Eastern Europe,4.285999775,0.309410036,0.649546981,0.251666635,0.054008815,0.950612664,0.570614934,9.38
2018,Georgia,Central and Eastern Europe,4.34,0.375,0.643,0.215,0.038,0.853,0.592,10.55
2019,Georgia,Central and Eastern Europe,4.519,0.346,0.752,0.164,0.043,0.886,0.666,9.97
2020,Georgia,Central and Eastern Europe,4.672599792,0.485494107,0.694657624,0.174088076,0.047609735,0.847198069,0.7311939,9.91
2021,Georgia,Central and Eastern Europe,4.891,0.488,0.498,0.181,0.032,1.03,0.47,10.05
2022,Georgia,Central and Eastern Europe,4.973,0.508,0.595,0.208,0.04827836428571429,1.467,0.612,9.92
2015,Germany,Western Europe,6.75,0.61477,0.89186,0.21843,0.28214,1.32792,1.29937,10.32
2016,Germany,Western Europe,6.994,0.53466,0.81487,0.28551,0.30452,1.44787,1.09774,9.86
2017,Germany,Western Europe,6.951000214,0.562511384,0.798950732,0.276731938,0.33626917,1.487923384,1.472520351,9.91
2018,Germany,Western Europe,6.965,0.586,0.861,0.28,0.273,1.34,1.474,10.73
2019,Germany,Western Europe,6.985,0.495,0.987,0.265,0.261,1.373,1.454,10.54
2020,Germany,Western Europe,7.075799942,0.564274132,0.972114801,0.309362292,0.252037704,1.314184546,1.368543744,10.78
2021,Germany,Western Europe,7.155,0.6,0.757,0.306,0.195,1.48,0.993,9.49
2022,Germany,Western Europe,7.034,0.585,0.776,0.358,0.163,1.924,1.088,10.83
2015,Ghana,Sub-Saharan Africa,4.633,0.42342,0.40132,0.04355,0.23087,0.54558,0.67954,27.95
2016,Ghana,Sub-Saharan Africa,4.276,0.40973,0.29681,0.0326,0.21203,0.63107,0.49353,28.21
2017,Ghana,Sub-Saharan Africa,4.119999886,0.423026294,0.295637727,0.02533637,0.256923944,0.667224824,0.873664737,28.04
2018,Ghana,Sub-Saharan Africa,4.657,0.499,0.337,0.029,0.212,0.592,0.896,27.95
2019,Ghana,Sub-Saharan Africa,4.996,0.381,0.486,0.04,0.245,0.611,0.868,27.81
2020,Ghana,Sub-Saharan Africa,5.147999763,0.477290064,0.432162255,0.056570381,0.261291206,0.575862467,0.96636796,28.1
2021,Ghana,Sub-Saharan Africa,5.088,0.517,0.287,0.058,0.268,0.68,0.595,28.3
2022,Ghana,Sub-Saharan Africa,4.872,0.5,0.409,0.056,0.23,1.112,0.595,27.73
2015,Greece,Western Europe,4.857,0.07699,0.88213,0.01397,0.015,1.15406,0.92933,14.35
2016,Greece,Western Europe,5.033,0.05822,0.80029,0.04127,0.015,1.24886,0.75473,14.84
2017,Greece,Western Europe,5.227000237,0.095731251,0.810198903,0.043289777,0.015,1.289487481,1.239414573,14.51
2018,Greece,Western Europe,5.358,0.131,0.879,0.044,0.015,1.154,1.202,15.2
2019,Greece,Western Europe,5.287,0.067,0.999,0.034,0.015,1.181,1.156,15.16
2020,Greece,Western Europe,5.514999866,0.173516348,0.979431748,0.048844352,0.015,1.128070116,1.168973565,15.01
2021,Greece,Western Europe,5.723,0.243,0.76,0.074,0.015,1.273,0.811,15.09
2022,Greece,Western Europe,5.948,0.249,0.774,0.108,0.015,1.703,0.98,14.88
2015,Guatemala,Latin America and Caribbean,6.123,0.57733,0.64425,0.09472,0.27489,0.74553,1.04356,24.15
2016,Guatemala,Latin America and Caribbean,6.324,0.50379,0.54039,0.08701,0.28808,0.83454,0.87119,24.26
2017,Guatemala,Latin America and Caribbean,6.453999996,0.531310618,0.54023999,0.077223279,0.283488393,0.872001946,1.255585194,24.05
2018,Guatemala,Latin America and Caribbean,6.382,0.604,0.608,0.071,0.179,0.781,1.268,23.5
2019,Guatemala,Latin America and Caribbean,6.436,0.535,0.746,0.078,0.175,0.8,1.269,23.99
2020,Guatemala,Latin America and Caribbean,6.398900032,0.613146722,0.705952585,0.0983603,0.170611665,0.753815711,1.174267054,24.34
2021,Guatemala,Latin America and Caribbean,6.435,0.638,0.519,0.105,0.163,0.845,0.79,24.08
2022,Guatemala,Latin America and Caribbean,6.262,0.662,0.522,0.115,0.112,1.274,0.831,23.77
2015,Guinea,Sub-Saharan Africa,3.656,0.37725,0.24009,0.12139,0.28657,0.17417,0.46475,26.07
2016,Guinea,Sub-Saharan Africa,3.607,0.30953,0.18829,0.1192,0.29914,0.22415,0.3109,26.31
2017,Guinea,Sub-Saharan Africa,3.506999969,0.348587513,0.194129139,0.110937618,0.264815092,0.24454993,0.791244686,26.24
2018,Guinea,Sub-Saharan Africa,3.964,0.394,0.211,0.094,0.185,0.344,0.792,26.1
2019,Guinea,Sub-Saharan Africa,4.534,0.332,0.375,0.086,0.207,0.38,0.829,25.86
2020,Guinea,Sub-Saharan Africa,4.949299812,0.371878058,0.333655238,0.112204559,0.249490842,0.390007734,0.75136596,26.34
2021,Guinea,Sub-Saharan Africa,4.984,0.384,0.206,0.111,0.25,0.42,0.399,26.6
2022,Guinea,Sub-Saharan Africa,4.891,0.334,0.275,0.116,0.214,0.848,0.566,25.95
2015,Honduras,Latin America and Caribbean,4.788,0.40148,0.6951,0.06825,0.23027,0.59532,0.95348,25.15
2016,Honduras,Latin America and Caribbean,4.871,0.26755,0.58383,0.06906,0.2044,0.69429,0.75596,25.18
2017,Honduras,Latin America and Caribbean,5.181000233,0.34807986,0.58256948,0.073345453,0.236188874,0.730573118,1.143944979,25.0
2018,Honduras,Latin America and Caribbean,5.504,0.459,0.622,0.074,0.197,0.62,1.205,24.51
2019,Honduras,Latin America and Caribbean,5.86,0.507,0.828,0.078,0.246,0.642,1.236,24.96
2020,Honduras,Latin America and Caribbean,5.953199863,0.568148077,0.791989982,0.086807102,0.256528199,0.598763585,1.186664104,25.21
2021,Honduras,Latin America and Caribbean,5.919,0.578,0.593,0.083,0.241,0.703,0.787,25.03
2022,Honduras,Latin America and Caribbean,6.022,0.582,0.555,0.076,0.202,1.111,0.885,24.71
2015,Hungary,Central and Eastern Europe,4.8,0.32112,0.75905,0.02758,0.128,1.12094,1.20215,12.4
2016,Hungary,Central and Eastern Europe,5.145,0.1977,0.67608,0.04472,0.099,1.24142,0.93164,11.79
2017,Hungary,Central and Eastern Europe,5.323999882,0.175863519,0.687763453,0.036636937,0.078401662,1.286011934,1.343133092,11.86
2018,Hungary,Central and Eastern Europe,5.62,0.259,0.732,0.022,0.061,1.171,1.401,12.72
2019,Hungary,Central and Eastern Europe,5.758,0.199,0.828,0.02,0.081,1.201,1.41,12.86
2020,Hungary,Central and Eastern Europe,6.000400066,0.386401802,0.806793869,0.027548173,0.070491239,1.164307117,1.423009396,12.24
2021,Hungary,Central and Eastern Europe,5.992,0.454,0.615,0.04,0.067,1.301,1.083,11.58
2022,Hungary,Central and Eastern Europe,6.086,0.485,0.668,0.064,0.078,1.748,1.233,12.62
2015,Iceland,Western Europe,7.561,0.62877,0.94784,0.14145,0.4363,1.30232,1.40223,1.44
2016,Iceland,Western Europe,7.501,0.56624,0.86733,0.14975,0.47678,1.42666,1.18326,2.68
2017,Iceland,Western Europe,7.504000187,0.627162635,0.833552122,0.153526559,0.475540221,1.48063302,1.610574007,2.47
2018,Iceland,Western Europe,7.495,0.677,0.914,0.138,0.353,1.343,1.644,2.26
2019,Iceland,Western Europe,7.494,0.591,1.026,0.118,0.354,1.38,1.624,2.31
2020,Iceland,Western Europe,7.504499912,0.661980748,1.000843406,0.144540772,0.362330228,1.326501608,1.547567487,2.03
2021,Iceland,Western Europe,7.554,0.698,0.772,0.17,0.293,1.482,1.172,2.43
2022,Iceland,Western Europe,7.557,0.718,0.803,0.191,0.27,1.936,1.32,2.11
2015,Indonesia,Southeast Asia,5.399,0.46611,0.63793,0.027973678285714287,0.51535,0.82827,1.08708,26.13
2016,Indonesia,Southeast Asia,5.314,0.39237,0.49374,0.00322,0.56521,0.95104,0.87625,26.24
2017,Indonesia,Southeast Asia,5.262000084,0.443323463,0.492345721,0.015317135,0.611704588,0.995538592,1.274444699,26.05
2018,Indonesia,Southeast Asia,5.093,0.538,0.522,0.018,0.484,0.899,1.215,26.06
2019,Indonesia,Southeast Asia,5.192,0.491,0.66,0.028,0.498,0.931,1.203,26.21
2020,Indonesia,Southeast Asia,5.285600185,0.568161428,0.610437036,0.038278613,0.542646527,0.891720712,1.154800892,26.2
2021,Indonesia,Southeast Asia,5.345,0.598,0.433,0.046,0.541,0.954,0.786,26.01
2022,Indonesia,Southeast Asia,5.24,0.62,0.539,0.047,0.468,1.382,0.883,25.96
2015,Iran,Middle East and North Africa,4.686,0.30033,0.69805,0.05863,0.38086,1.0088,0.54447,18.93
2016,Iran,Middle East and North Africa,4.813,0.22544,0.64232,0.0557,0.38538,1.11758,0.38857,19.03
2017,Iran,Middle East and North Africa,4.691999912,0.249322608,0.639333189,0.048761073,0.387242913,1.156873107,0.711551249,18.84
2018,Iran,Middle East and North Africa,4.707,0.459,0.691,0.129,0.282,1.059,0.771,19.34
2019,Iran,Middle East and North Africa,4.548,0.305,0.785,0.125,0.27,1.1,0.842,18.84
2020,Iran,Middle East and North Africa,4.672399998,0.301195472,0.749053836,0.142651513,0.27697894,1.029322505,0.886271179,18.38
2021,Iran,Middle East and North Africa,4.721,0.275,0.561,0.144,0.33,1.03,0.557,19.57
2022,Iran,Middle East and North Africa,4.888,0.281,0.642,0.146,0.241,1.41,0.741,19.3
2015,Iraq,Middle East and North Africa,4.677,0.28510051214285714,0.60237,0.13788,0.17922,0.98549,0.81889,23.53
2016,Iraq,Middle East and North Africa,4.575,0.24856,0.51076,0.13636,0.19589,1.07474,0.59205,23.31
2017,Iraq,Middle East and North Africa,4.497000217,0.288555533,0.50118047,0.107215755,0.199637264,1.102710485,0.978613198,23.36
2018,Iraq,Middle East and North Africa,4.456,0.304,0.536,0.095,0.148,1.01,0.971,24.15
2019,Iraq,Middle East and North Africa,4.437,0.241,0.574,0.089,0.148,1.043,0.98,23.51
2020,Iraq,Middle East and North Africa,4.784800053,0.283588052,0.529350698,0.073164992,0.153002068,0.982018709,1.011466622,23.44
2021,Iraq,Middle East and North Africa,4.854,0.302,0.381,0.041,0.153,0.91,0.638,24.21
2022,Iraq,Middle East and North Africa,4.941,0.328,0.554,0.046,0.147,1.289,0.682,23.81
2015,Israel,Middle East and North Africa,7.278,0.41319,0.91387,0.07785,0.33172,1.22857,1.22393,20.29
2016,Israel,Middle East and North Africa,7.267,0.36432,0.84917,0.08728,0.32288,1.33766,0.99537,20.67
2017,Israel,Middle East and North Africa,7.212999821,0.405988604,0.838404,0.0852421,0.330082655,1.375382423,1.376289964,20.31
2018,Israel,Middle East and North Africa,6.814,0.533,0.883,0.272,0.354,1.301,1.559,20.99
2019,Israel,Middle East and North Africa,7.139,0.371,1.029,0.082,0.261,1.276,1.455,20.42
2020,Israel,Middle East and North Africa,7.128600121,0.420699477,1.008052945,0.09989845,0.266861796,1.216463685,1.403256774,20.41
2021,Israel,Middle East and North Africa,7.157,0.509,0.788,0.119,0.208,1.376,1.074,20.86
2022,Israel,Middle East and North Africa,7.364,0.568,0.818,0.143,0.155,1.826,1.221,20.23
2015,Italy,Western Europe,5.948,0.26236,0.95446,0.02901,0.22823,1.25114,1.19777,13.8
2016,Italy,Western Europe,5.977,0.18827,0.85102,0.02556,0.16684,1.35495,1.04167,13.58
2017,Italy,Western Europe,5.964000225,0.256450713,0.853144348,0.028028091,0.172789648,1.395066619,1.444923282,13.46
2018,Italy,Western Europe,6.0,0.281,0.946,0.028,0.137,1.264,1.501,14.1
2019,Italy,Western Europe,6.223,0.231,1.039,0.03,0.158,1.294,1.488,13.94
2020,Italy,Western Europe,6.38740015,0.321305573,1.022504926,0.040145598,0.170266211,1.236396074,1.347296,13.83
2021,Italy,Western Europe,6.483,0.379,0.798,0.047,0.133,1.393,0.94,13.52
2022,Italy,Western Europe,6.467,0.412,0.801,0.059,0.085,1.834,1.052,14.38
2015,Ivory Coast,Sub-Saharan Africa,3.655,0.46866,0.15185,0.17922,0.20165,0.46534,0.77115,27.03
2016,Ivory Coast,Sub-Saharan Africa,3.916,0.40663,0.04476,0.1553,0.20338,0.55507,0.57576,27.31
2017,Ivory Coast,Sub-Saharan Africa,4.179999828,0.447706193,0.04864217,0.130061775,0.20123747,0.603048921,0.90478003,27.17
2018,Ivory Coast,Sub-Saharan Africa,4.671,0.467,0.08,0.103,0.146,0.541,0.872,27.02
2019,Ivory Coast,Sub-Saharan Africa,4.944,0.352,0.232,0.09,0.154,0.569,0.808,26.83
2020,Ivory Coast,Sub-Saharan Africa,5.233300209,0.397122532,0.154942513,0.093495794,0.169915587,0.537094414,0.799727261,27.18
2021,Ivory Coast,Sub-Saharan Africa,5.306,0.438,0.052,0.092,0.177,0.669,0.409,27.37
2022,Ivory Coast,Sub-Saharan Africa,5.235,0.451,0.322,0.124,0.149,1.094,0.442,26.84
2015,Jamaica,Latin America and Caribbean,5.709,0.50442,0.68741,0.02299,0.2123,0.81038,1.15102,26.52
2016,Jamaica,Latin America and Caribbean,5.51,0.43597,0.59469,0.04294,0.22245,0.89333,0.96372,26.26
2017,Jamaica,Latin America and Caribbean,5.31099987,0.474307239,0.641022384,0.055267781,0.233818337,0.925579309,1.368218064,26.14
2018,Jamaica,Latin America and Caribbean,5.89,0.575,0.693,0.031,0.096,0.819,1.493,26.1
2019,Jamaica,Latin America and Caribbean,5.89,0.49,0.831,0.028,0.107,0.831,1.478,26.3
2020,Jamaica,Latin America and Caribbean,5.889800072,0.553124607,0.788434088,0.030147785,0.116268493,0.779058397,1.408289194,26.32
2021,Jamaica,Latin America and Caribbean,6.309,0.618,0.599,0.035,0.099,0.891,0.932,26.07
2022,Jamaica,Latin America and Caribbean,5.85,0.567,0.646,0.053,0.08,1.296,1.045,26.02
2015,Japan,East Asia,5.987,0.49615,0.99111,0.1806,0.10705,1.27074,1.25712,12.18
2016,Japan,East Asia,5.921,0.46761,0.91491,0.18985,0.10224,1.38007,1.06054,12.24
2017,Japan,East Asia,5.920000076,0.505625546,0.913475871,0.163760737,0.120572768,1.416915178,1.436337829,11.66
2018,Japan,East Asia,5.915,0.553,0.988,0.15,0.079,1.294,1.462,12.23
2019,Japan,East Asia,5.886,0.445,1.088,0.14,0.069,1.327,1.419,12.4
2020,Japan,East Asia,5.870800018,0.495465875,1.072881341,0.181439638,0.03571178,1.26672411,1.332338691,12.41
2021,Japan,East Asia,5.94,0.504,0.838,0.192,0.02,1.389,0.949,12.45
2022,Japan,East Asia,6.039,0.537,0.866,0.218,0.007,1.835,1.089,12.42
2015,Jordan,Middle East and North Africa,5.192,0.40661,0.69639,0.14293,0.11053,0.90198,1.05392,19.83
2016,Jordan,Middle East and North Africa,5.303,0.36023,0.60712,0.13297,0.14262,0.99673,0.86216,20.09
2017,Jordan,Middle East and North Africa,5.335999966,0.418421149,0.604590058,0.119803272,0.17217046,0.991012394,1.239088893,19.83
2018,Jordan,Middle East and North Africa,5.161,0.468,0.645,0.134,0.13,0.822,1.265,20.44
2019,Jordan,Middle East and North Africa,4.906,0.383,0.815,0.13,0.11,0.837,1.225,19.89
2020,Jordan,Middle East and North Africa,4.633399963,0.424855083,0.777624726,0.151878625,0.091494769,0.785179198,1.140118599,19.92
2021,Jordan,Middle East and North Africa,4.395,0.455,0.583,0.15,0.079,0.89,0.685,20.36
2022,Jordan,Middle East and North Africa,4.152,0.476,0.675,0.2,0.058,1.324,0.724,19.77
2015,Kazakhstan,Commonwealth of Independent States,5.855,0.51649,0.64368,0.08454,0.11827,1.12254,1.12241,7.87
2016,Kazakhstan,Commonwealth of Independent States,5.919,0.4052,0.57386,0.11132,0.15011,1.22943,0.95544,7.77
2017,Kazakhstan,Commonwealth of Independent States,5.818999767,0.437454283,0.606041551,0.119282886,0.201964423,1.28455627,1.384369016,7.59
2018,Kazakhstan,Commonwealth of Independent States,5.79,0.454,0.631,0.121,0.148,1.143,1.516,6.49
2019,Kazakhstan,Commonwealth of Independent States,5.809,0.41,0.729,0.096,0.146,1.173,1.508,7.83
2020,Kazakhstan,Commonwealth of Independent States,6.057899952,0.497432142,0.698788941,0.110463686,0.153713793,1.122594237,1.453267694,8.31
2021,Kazakhstan,Commonwealth of Independent States,6.152,0.573,0.527,0.132,0.143,1.23,1.103,7.83
2022,Kazakhstan,Commonwealth of Independent States,6.234,0.584,0.611,0.157,0.134,1.668,1.22,8.06
2015,Kenya,Sub-Saharan Africa,4.419,0.42215,0.41435,0.05839,0.37542,0.36471,0.99876,25.21
2016,Kenya,Sub-Saharan Africa,4.356,0.40576,0.30147,0.06686,0.41328,0.52267,0.7624,25.56
2017,Kenya,Sub-Saharan Africa,4.552999973,0.452763766,0.30998835,0.064641319,0.444860309,0.560479462,1.067950726,25.36
2018,Kenya,Sub-Saharan Africa,4.41,0.504,0.454,0.055,0.352,0.493,1.048,25.01
2019,Kenya,Sub-Saharan Africa,4.509,0.431,0.581,0.053,0.372,0.512,0.983,25.45
2020,Kenya,Sub-Saharan Africa,4.583000183,0.519180536,0.536312759,0.067201078,0.393902093,0.476413399,0.905077755,25.42
2021,Kenya,Sub-Saharan Africa,4.607,0.483,0.385,0.073,0.375,0.603,0.508,25.25
2022,Kenya,Sub-Saharan Africa,4.543,0.44,0.401,0.082,0.322,1.032,0.605,25.22
2015,Kuwait,Middle East and North Africa,6.295,0.55499,0.72492,0.25609,0.16228,1.55422,1.16594,27.06
2016,Kuwait,Middle East and North Africa,6.239,0.43166,0.63569,0.23669,0.15965,1.61714,0.87758,27.01
2017,Kuwait,Middle East and North Africa,6.105000019,0.496337593,0.632105708,0.21515955,0.228289798,1.632952452,1.259698749,27.0
2018,Kuwait,Middle East and North Africa,6.083,0.554,0.675,0.106,0.167,1.474,1.301,27.47
2019,Kuwait,Middle East and North Africa,6.021,0.493,0.808,0.097,0.142,1.5,1.319,27.01
2020,Kuwait,Middle East and North Africa,6.102099895,0.570261419,0.776468933,0.112814933,0.132751092,1.424833655,1.244779825,26.9
2021,Kuwait,Middle East and North Africa,6.106,0.591,0.58,0.13,0.12,1.461,0.857,27.89
2022,Kuwait,Middle East and North Africa,6.106,0.617,0.747,0.147,0.087,1.904,0.983,27.58
2015,Kyrgyzstan,Commonwealth of Independent States,5.286,0.43477,0.65088,0.04232,0.3003,0.47428,1.15115,3.36
2016,Kyrgyzstan,Commonwealth of Independent States,5.185,0.40212,0.55449,0.04762,0.38432,0.56044,0.95434,3.4
2017,Kyrgyzstan,Commonwealth of Independent States,5.004000187,0.454943389,0.553457797,0.039439179,0.428580374,0.596220076,1.394238591,2.8
2018,Kyrgyzstan,Commonwealth of Independent States,5.131,0.54,0.594,0.035,0.281,0.53,1.416,2.75
2019,Kyrgyzstan,Commonwealth of Independent States,5.261,0.508,0.723,0.023,0.3,0.551,1.438,3.36
2020,Kyrgyzstan,Commonwealth of Independent States,5.541500092,0.614617765,0.680645883,0.030466691,0.30137074,0.513180971,1.341036677,2.75
2021,Kyrgyzstan,Commonwealth of Independent States,5.744,0.673,0.501,0.02,0.266,0.665,0.971,3.36
2022,Kyrgyzstan,Commonwealth of Independent States,5.828,0.693,0.638,0.025,0.208,1.069,1.109,3.93
2015,Latvia,Central and Eastern Europe,5.098,0.29671,0.72437,0.06332,0.18226,1.11312,1.09562,7.94
2016,Latvia,Central and Eastern Europe,5.56,0.27996,0.63952,0.0889,0.17445,1.21788,0.95025,7.08
2017,Latvia,Central and Eastern Europe,5.849999905,0.325707912,0.638566971,0.073842727,0.153074786,1.260748625,1.404714942,6.92
2018,Latvia,Central and Eastern Europe,5.933,0.363,0.671,0.066,0.092,1.148,1.454,7.6
2019,Latvia,Central and Eastern Europe,5.94,0.264,0.812,0.064,0.075,1.187,1.465,7.98
2020,Latvia,Central and Eastern Europe,5.949999809,0.329198807,0.777902424,0.090391524,0.075407945,1.14139545,1.414398789,8.56
2021,Latvia,Central and Eastern Europe,6.032,0.405,0.587,0.089,0.082,1.285,1.047,6.82
2022,Latvia,Central and Eastern Europe,6.18,0.502,0.637,0.09,0.075,1.732,1.221,7.4
2015,Lebanon,Middle East and North Africa,4.839,0.33916,0.83947,0.04582,0.21854,1.02564,0.80001,15.53
2016,Lebanon,Middle East and North Africa,5.129,0.26228,0.76171,0.03061,0.23693,1.12268,0.64184,15.98
2017,Lebanon,Middle East and North Africa,5.224999905,0.288515985,0.735081077,0.03751383,0.264450759,1.074987531,1.129624248,15.72
2018,Lebanon,Middle East and North Africa,5.358,0.503,0.785,0.136,0.214,0.965,1.179,16.46
2019,Lebanon,Middle East and North Africa,5.197,0.216,0.815,0.027,0.166,0.987,1.224,15.86
2020,Lebanon,Middle East and North Africa,4.771500111,0.18551667,0.788671136,0.021518147,0.158524141,0.889232516,1.19249332,15.99
2021,Lebanon,Middle East and North Africa,4.584,0.175,0.595,0.026,0.14,1.045,0.868,16.2
2022,Lebanon,Middle East and North Africa,2.955,0.103,0.631,0.034,0.082,1.392,0.498,15.66
2015,Liberia,Sub-Saharan Africa,4.571,0.28531,0.34201,0.06232,0.24362,0.0712,0.78968,25.64
2016,Liberia,Sub-Saharan Africa,3.622,0.25748,0.23165,0.04852,0.24063,0.10706,0.50353,25.93
2017,Liberia,Sub-Saharan Africa,3.532999992,0.332881182,0.229918197,0.038948249,0.266549885,0.119041793,0.872117937,25.8
2018,Liberia,Sub-Saharan Africa,3.495,0.419,0.267,0.03,0.206,0.076,0.858,25.62
2019,Liberia,Sub-Saharan Africa,3.975,0.37,0.443,0.033,0.233,0.073,0.922,25.44
2020,Liberia,Sub-Saharan Africa,4.557899952,0.405943096,0.392284274,0.051139876,0.226967871,0.174103007,0.920733929,25.73
2021,Liberia,Sub-Saharan Africa,4.625,0.43,0.253,0.057,0.221,0.228,0.58,25.87
2022,Liberia,Sub-Saharan Africa,5.122,0.405,0.309,0.08,0.178,0.636,0.67,25.47
2015,Libya,Middle East and North Africa,5.754,0.41668,0.7038,0.11023,0.18295,1.13145,1.11862,22.57
2016,Libya,Middle East and North Africa,5.615,0.40672,0.52304,0.10339,0.17087,1.06688,0.95076,23.0
2017,Libya,Middle East and North Africa,5.525000095,0.46573323,0.52016902,0.09261021,0.152073666,1.101803064,1.35756433,22.56
2018,Libya,Middle East and North Africa,5.566,0.496,0.553,0.148,0.116,0.985,1.35,23.05
2019,Libya,Middle East and North Africa,5.525,0.416,0.673,0.152,0.133,1.044,1.303,22.65
2020,Libya,Middle East and North Africa,5.488800049,0.451354057,0.615626633,0.172258079,0.142757699,1.021913767,1.196283698,22.63
2021,Libya,Middle East and North Africa,5.41,0.474,0.435,0.174,0.131,1.044,0.821,23.05
2022,Libya,Middle East and North Africa,5.33,0.477,0.606,0.179,0.106,1.476,0.943,22.8
2015,Luxembourg,Western Europe,6.946,0.61583,0.91894,0.37798,0.28034,1.56391,1.21963,10.52
2016,Luxembourg,Western Europe,6.871,0.5487,0.84542,0.35329,0.27571,1.69752,1.03999,10.09
2017,Luxembourg,Western Europe,6.862999916,0.596627891,0.845089495,0.318834424,0.283180982,1.741943598,1.457583666,10.41
2018,Luxembourg,Western Europe,6.91,0.632,0.896,0.321,0.196,1.576,1.52,11.13
2019,Luxembourg,Western Europe,7.09,0.526,1.012,0.316,0.194,1.609,1.479,10.79
2020,Luxembourg,Western Europe,7.237500191,0.610137045,0.986442685,0.367041469,0.19595392,1.536676049,1.387528419,11.29
2021,Luxembourg,Western Europe,7.324,0.639,0.76,0.353,0.166,1.751,1.003,9.77
2022,Luxembourg,Western Europe,7.404,0.7,0.79,0.388,0.12,2.209,1.155,11.43
2015,Madagascar,Sub-Saharan Africa,3.681,0.19184,0.46721,0.08124,0.21333,0.20824,0.66801,22.98
2016,Madagascar,Sub-Saharan Africa,3.695,0.13684,0.37109,0.07506,0.2204,0.27954,0.46115,22.82
2017,Madagascar,Sub-Saharan Africa,3.644000053,0.189196765,0.375223309,0.067231975,0.20873253,0.305808693,0.913020372,23.07
2018,Madagascar,Sub-Saharan Africa,3.774,0.221,0.402,0.049,0.155,0.262,0.908,22.9
2019,Madagascar,Sub-Saharan Africa,3.933,0.148,0.555,0.041,0.169,0.274,0.916,23.13
2020,Madagascar,Sub-Saharan Africa,4.165599823,0.192967549,0.500617027,0.076248638,0.191190064,0.244553208,0.823694348,22.89
2021,Madagascar,Sub-Saharan Africa,4.208,0.207,0.341,0.087,0.185,0.266,0.503,22.87
2022,Madagascar,Sub-Saharan Africa,4.339,0.202,0.378,0.154,0.143,0.67,0.645,22.7
2015,Malawi,Sub-Saharan Africa,4.292,0.43054,0.22562,0.06977,0.33128,0.01604,0.41134,22.91
2016,Malawi,Sub-Saharan Africa,4.156,0.4143,0.29364,0.07564,0.30968,0.08709,0.147,22.85
2017,Malawi,Sub-Saharan Africa,3.970000029,0.466914654,0.315089583,0.072711654,0.28717047,0.233442038,0.512568831,22.66
2018,Malawi,Sub-Saharan Africa,3.587,0.531,0.306,0.08,0.21,0.186,0.541,22.63
2019,Malawi,Sub-Saharan Africa,3.41,0.443,0.495,0.089,0.218,0.191,0.56,22.89
2020,Malawi,Sub-Saharan Africa,3.538000107,0.487389833,0.446163297,0.131633952,0.213185057,0.176534727,0.53036809,22.81
2021,Malawi,Sub-Saharan Africa,3.6,0.484,0.298,0.134,0.213,0.113,0.168,22.8
2022,Malawi,Sub-Saharan Africa,3.75,0.477,0.388,0.157,0.14,0.648,0.279,22.55
2015,Malaysia,Southeast Asia,5.77,0.53024,0.72394,0.10501,0.33075,1.12486,1.07023,26.64
2016,Malaysia,Southeast Asia,6.005,0.39031,0.62366,0.09081,0.41474,1.25142,0.88025,26.93
2017,Malaysia,Southeast Asia,6.084000111,0.402264982,0.618784428,0.065600708,0.41660893,1.29121542,1.284646034,26.49
2018,Malaysia,Southeast Asia,6.322,0.356,0.669,0.059,0.311,1.161,1.258,26.53
2019,Malaysia,Southeast Asia,5.339,0.508,0.828,0.024,0.26,1.221,1.171,26.8
2020,Malaysia,Southeast Asia,5.384300232,0.596941531,0.788511872,0.062163133,0.274886161,1.168421626,1.17400229,26.68
2021,Malaysia,Southeast Asia,5.384,0.624,0.587,0.064,0.27,1.259,0.797,26.47
2022,Malaysia,Southeast Asia,5.711,0.654,0.62,0.126,0.213,1.689,0.938,26.35
2015,Mali,Sub-Saharan Africa,3.995,0.38857,0.20583,0.12352,0.18798,0.26074,1.03526,29.25
2016,Mali,Sub-Saharan Africa,4.073,0.27544,0.16347,0.13647,0.21064,0.31292,0.86333,29.51
2017,Mali,Sub-Saharan Africa,4.190000057,0.306613743,0.169365674,0.104970247,0.183354199,0.476180494,1.281473398,29.38
2018,Mali,Sub-Saharan Africa,4.447,0.367,0.152,0.056,0.139,0.37,1.233,29.33
2019,Mali,Sub-Saharan Africa,4.39,0.327,0.308,0.052,0.153,0.385,1.105,29.1
2020,Mali,Sub-Saharan Africa,4.729300022,0.377534449,0.234981522,0.062146276,0.16966705,0.352462649,0.97314173,29.4
2021,Mali,Sub-Saharan Africa,4.723,0.384,0.11,0.072,0.164,0.387,0.59,29.78
2022,Mali,Sub-Saharan Africa,4.479,0.35,0.311,0.042,0.128,0.792,0.483,29.19
2015,Malta,Western Europe,6.302,0.60365,0.88721,0.13586,0.51752,1.2074,1.30203,20.01
2016,Malta,Western Europe,6.488,0.54994,0.80315,0.17554,0.56237,1.30782,1.09879,20.19
2017,Malta,Western Europe,6.52699995,0.588767052,0.821944237,0.153066069,0.574730575,1.343279839,1.488411665,19.74
2018,Malta,Western Europe,6.627,0.645,0.884,0.142,0.376,1.27,1.525,20.02
2019,Malta,Western Europe,6.726,0.564,0.999,0.151,0.375,1.3,1.52,19.87
2020,Malta,Western Europe,6.772799969,0.633239031,0.972042024,0.178864077,0.341180831,1.252513289,1.442956924,19.99
2021,Malta,Western Europe,6.602,0.664,0.747,0.183,0.275,1.411,1.055,20.22
2022,Malta,Western Europe,6.447,0.679,0.789,0.166,0.174,1.838,1.169,20.26
2015,Mauritania,Sub-Saharan Africa,4.436,0.24232,0.35874,0.17461,0.219,0.45407,0.86908,29.05
2016,Mauritania,Sub-Saharan Africa,4.201,0.1268,0.28639,0.17955,0.22686,0.61391,0.84142,29.12
2017,Mauritania,Sub-Saharan Africa,4.291999817,0.096098043,0.28534928,0.136957005,0.201870024,0.648457289,1.27203083,29.1
2018,Mauritania,Sub-Saharan Africa,4.356,0.129,0.292,0.093,0.134,0.557,1.245,28.61
2019,Mauritania,Sub-Saharan Africa,4.49,0.066,0.489,0.088,0.106,0.57,1.167,28.67
2020,Mauritania,Sub-Saharan Africa,4.374599934,0.185714483,0.425184816,0.122257635,0.128899664,0.539684892,1.113323569,29.11
2021,Mauritania,Sub-Saharan Africa,4.227,0.218,0.273,0.133,0.119,0.666,0.749,29.3
2022,Mauritania,Sub-Saharan Africa,4.153,0.304,0.45,0.138,0.088,1.1,0.865,28.9
2015,Mauritius,Sub-Saharan Africa,5.477,0.56066,0.7095,0.07521,0.37744,1.00761,0.98521,23.88
2016,Mauritius,Sub-Saharan Africa,5.648,0.46145,0.66189,0.05203,0.36951,1.14372,0.75695,23.65
2017,Mauritius,Sub-Saharan Africa,5.629000187,0.491247326,0.638007462,0.042181555,0.360933751,1.189395547,1.20956099,24.05
2018,Mauritius,Sub-Saharan Africa,5.891,0.584,0.684,0.05,0.245,1.09,1.387,23.83
2019,Mauritius,Sub-Saharan Africa,5.888,0.498,0.798,0.06,0.215,1.12,1.402,24.15
2020,Mauritius,Sub-Saharan Africa,6.101299763,0.590838134,0.763389409,0.084088229,0.186894551,1.07366395,1.395666838,23.59
2021,Mauritius,Sub-Saharan Africa,6.049,0.59,0.574,0.096,0.153,1.178,0.996,23.7
2022,Mauritius,Sub-Saharan Africa,6.071,0.589,0.568,0.107,0.131,1.591,1.116,23.27
2015,Mexico,Latin America and Caribbean,7.187,0.48181,0.81444,0.21312,0.14074,1.02054,0.91451,21.54
2016,Mexico,Latin America and Caribbean,6.778,0.37709,0.71143,0.18355,0.11735,1.11508,0.7146,21.75
2017,Mexico,Latin America and Caribbean,6.578000069,0.412730008,0.709978998,0.132774115,0.120990433,1.153183818,1.21086216,22.03
2018,Mexico,Latin America and Caribbean,6.488,0.479,0.761,0.095,0.069,1.038,1.252,21.66
2019,Mexico,Latin America and Caribbean,6.595,0.433,0.861,0.073,0.074,1.07,1.323,21.88
2020,Mexico,Latin America and Caribbean,6.465000153,0.553892553,0.831601024,0.083133668,0.083094485,1.024387479,1.226333499,22.08
2021,Mexico,Latin America and Caribbean,6.317,0.585,0.634,0.089,0.092,1.126,0.83,21.85
2022,Mexico,Latin America and Caribbean,6.128,0.621,0.623,0.115,0.092,1.552,0.886,21.7
2015,Moldova,Central and Eastern Europe,5.889,0.32818,0.61826,0.01615,0.20951,0.59448,1.01528,11.94
2016,Moldova,Central and Eastern Europe,5.897,0.25202,0.52309,0.01903,0.19997,0.69177,0.83132,11.42
2017,Moldova,Central and Eastern Europe,5.837999821,0.240729049,0.589465201,0.010091286,0.208779126,0.72887063,1.251825571,11.4
2018,Moldova,Central and Eastern Europe,5.64,0.232,0.62,0.016775005,0.171,0.657,1.301,11.52
2019,Moldova,Central and Eastern Europe,5.529,0.245,0.739,0.016775005,0.181,0.685,1.328,12.39
2020,Moldova,Central and Eastern Europe,5.607500076,0.389571488,0.713299453,0.014378744,0.174049184,0.707916796,1.237312198,12.43
2021,Moldova,Central and Eastern Europe,5.766,0.536,0.542,0.013,0.137,0.985,0.888,10.95
2022,Moldova,Central and Eastern Europe,5.857,0.561,0.597,0.028,0.102,1.417,1.008,11.9
2015,Mongolia,East Asia,4.874,0.43626,0.60268,0.02666,0.3323,0.82819,1.3006,1.98
2016,Mongolia,East Asia,4.907,0.35972,0.55469,0.03285,0.34539,0.98853,1.08983,1.02
2017,Mongolia,East Asia,4.954999924,0.394143969,0.557783484,0.032902289,0.33846423,1.027235866,1.493011236,2.17
2018,Mongolia,East Asia,5.125,0.395,0.575,0.032,0.253,0.914,1.517,1.47
2019,Mongolia,East Asia,5.285,0.317,0.667,0.038,0.235,0.948,1.531,1.64
2020,Mongolia,East Asia,5.456200123,0.355703115,0.615788162,0.046533126,0.263885736,0.904872775,1.458930612,1.54
2021,Mongolia,East Asia,5.677,0.397,0.442,0.053,0.263,0.966,1.065,2.08
2022,Mongolia,East Asia,5.761,0.398,0.467,0.059,0.247,1.393,1.197,1.31
2015,Montenegro,Central and Eastern Europe,5.192,0.1826,0.72521,0.14296,0.1614,0.97438,0.90557,10.65
2016,Montenegro,Central and Eastern Europe,5.161,0.15111,0.63533,0.12721,0.17191,1.07838,0.74173,10.34
2017,Montenegro,Central and Eastern Europe,5.236999989,0.194989055,0.667464674,0.088174194,0.197911024,1.121129036,1.238376498,10.4
2018,Montenegro,Central and Eastern Europe,5.347,0.259,0.729,0.081,0.111,1.017,1.279,11.1
2019,Montenegro,Central and Eastern Europe,5.523,0.197,0.871,0.08,0.142,1.051,1.361,11.13
2020,Montenegro,Central and Eastern Europe,5.54610014,0.303223848,0.839028895,0.098435111,0.14901033,1.010150075,1.265657902,10.63
2021,Montenegro,Central and Eastern Europe,5.581,0.397,0.637,0.081,0.166,1.155,0.891,10.25
2022,Montenegro,Central and Eastern Europe,5.547,0.46,0.659,0.077,0.135,1.573,1.023,11.0
2015,Myanmar,Southeast Asia,4.307,0.44017,0.48246,0.19034,0.79588,0.27108,0.70905,23.93
2016,Myanmar,Southeast Asia,4.395,0.42692,0.3988,0.20243,0.81971,0.34112,0.69981,24.13
2017,Myanmar,Southeast Asia,4.545000076,0.514492035,0.397522569,0.188816205,0.838075161,0.36711055,1.123235941,23.94
2018,Myanmar,Southeast Asia,4.308,0.58,0.429,0.178,0.598,0.682,1.174,23.7
2019,Myanmar,Southeast Asia,4.36,0.525,0.555,0.172,0.566,0.71,1.181,24.2
2020,Myanmar,Southeast Asia,4.308000088,0.597478867,0.495443076,0.187530354,0.569813728,0.67809093,1.098178267,24.08
2021,Myanmar,Southeast Asia,4.426,0.601,0.341,0.178,0.52,0.666,0.713,24.11
2022,Myanmar,Southeast Asia,4.394,0.513,0.491,0.194,0.452,1.038,0.829,23.96
2015,Nepal,South Asia,4.514,0.38282,0.56874,0.05907,0.32296,0.35997,0.86449,14.08
2016,Nepal,South Asia,4.793,0.37012,0.50073,0.07008,0.3816,0.44626,0.69699,14.77
2017,Nepal,South Asia,4.961999893,0.440305948,0.504130781,0.072975546,0.394096166,0.479820192,1.179283261,14.53
2018,Nepal,South Asia,4.88,0.526,0.539,0.078,0.302,0.425,1.228,14.26
2019,Nepal,South Asia,4.913,0.439,0.677,0.089,0.285,0.446,1.226,14.08
2020,Nepal,South Asia,5.137199879,0.480608255,0.66887939,0.127502963,0.300971806,0.444050372,1.100789309,13.89
2021,Nepal,South Asia,5.269,0.488,0.496,0.135,0.287,0.519,0.702,14.29
2022,Nepal,South Asia,5.377,0.519,0.499,0.13,0.237,0.984,0.784,14.39
2015,Netherlands,Western Europe,7.378,0.61576,0.89284,0.31814,0.4761,1.32944,1.28017,10.89
2016,Netherlands,Western Europe,7.339,0.55211,0.81231,0.29927,0.47416,1.46468,1.02912,10.67
2017,Netherlands,Western Europe,7.376999855,0.585384488,0.810696125,0.282661825,0.47048983,1.503944635,1.428939223,10.91
2018,Netherlands,Western Europe,7.441,0.638,0.878,0.295,0.333,1.361,1.488,11.41
2019,Netherlands,Western Europe,7.488,0.557,0.999,0.298,0.322,1.396,1.522,11.26
2020,Netherlands,Western Europe,7.448900223,0.61362648,0.975675344,0.368569762,0.336317569,1.338946342,1.463645935,11.69
2021,Netherlands,Western Europe,7.464,0.647,0.753,0.384,0.302,1.501,1.079,10.41
2022,Netherlands,Western Europe,7.415,0.651,0.787,0.419,0.271,1.945,1.206,11.72
2015,New Zealand,North America and ANZ,7.286,0.63938,0.90837,0.42922,0.47501,1.25018,1.31967,10.39
2016,New Zealand,North America and ANZ,7.334,0.58147,0.83096,0.41904,0.49401,1.36066,1.17278,11.1
2017,New Zealand,North America and ANZ,7.31400013,0.61406213,0.816759706,0.382816702,0.500005126,1.405706048,1.548195124,10.89
2018,New Zealand,North America and ANZ,7.324,0.669,0.876,0.389,0.365,1.268,1.601,11.05
2019,New Zealand,North America and ANZ,7.307,0.585,1.026,0.38,0.33,1.303,1.557,10.9
2020,New Zealand,North America and ANZ,7.299600124,0.646789908,1.008138299,0.461268276,0.325726211,1.242317915,1.48721838,10.87
2021,New Zealand,North America and ANZ,7.277,0.665,0.785,0.445,0.276,1.4,1.094,11.18
2022,New Zealand,North America and ANZ,7.2,0.68,0.752,0.483,0.245,1.852,1.235,11.66
2015,Nicaragua,Latin America and Caribbean,5.828,0.55475,0.74314,0.19317,0.27815,0.59325,1.14184,26.22
2016,Nicaragua,Latin America and Caribbean,5.992,0.46582,0.65213,0.16292,0.29773,0.69384,0.89521,26.24
2017,Nicaragua,Latin America and Caribbean,6.071000099,0.447551847,0.653095961,0.130687982,0.301674217,0.737299204,1.28721571,26.09
2018,Nicaragua,Latin America and Caribbean,6.141,0.527,0.7,0.128,0.208,0.668,1.319,25.64
2019,Nicaragua,Latin America and Caribbean,6.105,0.435,0.835,0.127,0.2,0.694,1.325,26.02
2020,Nicaragua,Latin America and Caribbean,6.13710022,0.560117304,0.803093255,0.174084574,0.212871477,0.620033145,1.27081275,26.26
2021,Nicaragua,Latin America and Caribbean,5.972,0.553,0.604,0.176,0.201,0.693,0.904,26.09
2022,Nicaragua,Latin America and Caribbean,6.165,0.617,0.617,0.212,0.168,1.105,1.029,25.81
2015,Niger,Sub-Saharan Africa,3.845,0.47692,0.29707,0.15639,0.19387,0.0694,0.77265,27.92
2016,Niger,Sub-Saharan Africa,3.856,0.38041,0.26162,0.17176,0.2097,0.1327,0.6053,28.54
2017,Niger,Sub-Saharan Africa,4.027999878,0.363658696,0.268505007,0.138572946,0.228673846,0.161925331,0.993025005,28.0
2018,Niger,Sub-Saharan Africa,4.166,0.39,0.221,0.099,0.175,0.131,0.867,28.13
2019,Niger,Sub-Saharan Africa,4.628,0.318,0.366,0.102,0.188,0.138,0.774,27.87
2020,Niger,Sub-Saharan Africa,4.909599781,0.435311615,0.298816353,0.137554765,0.208176896,0.108330332,0.703800142,27.85
2021,Niger,Sub-Saharan Africa,5.074,0.516,0.167,0.157,0.2,0.162,0.402,28.09
2022,Niger,Sub-Saharan Africa,5.003,0.571,0.326,0.145,0.165,0.57,0.56,27.61
2015,Nigeria,Sub-Saharan Africa,5.268,0.34334,0.16007,0.0403,0.27233,0.65435,0.90432,27.38
2016,Nigeria,Sub-Saharan Africa,4.875,0.27854,0.05108,0.0305,0.23219,0.75216,0.64498,27.79
2017,Nigeria,Sub-Saharan Africa,5.073999882,0.394952565,0.05691573,0.026121566,0.230947196,0.783756256,1.215770483,27.46
2018,Nigeria,Sub-Saharan Africa,5.155,0.462,0.048,0.032,0.201,0.689,1.172,27.41
2019,Nigeria,Sub-Saharan Africa,5.265,0.426,0.245,0.041,0.215,0.696,1.111,27.29
2020,Nigeria,Sub-Saharan Africa,4.724100113,0.435079455,0.167835936,0.047589935,0.221328124,0.645901859,0.986717939,27.43
2021,Nigeria,Sub-Saharan Africa,4.759,0.433,0.051,0.039,0.212,0.663,0.625,27.67
2022,Nigeria,Sub-Saharan Africa,4.552,0.444,0.3,0.038,0.175,1.079,0.732,27.15
2015,Norway,Western Europe,7.522,0.66973,0.88521,0.36503,0.34699,1.459,1.33095,2.93
2016,Norway,Western Europe,7.498,0.59609,0.79579,0.35776,0.37895,1.57744,1.1269,2.61
2017,Norway,Western Europe,7.537000179,0.635422587,0.796666503,0.315963835,0.362012237,1.616463184,1.53352356,2.28
2018,Norway,Western Europe,7.594,0.686,0.861,0.34,0.286,1.456,1.582,2.53
2019,Norway,Western Europe,7.554,0.603,1.028,0.341,0.271,1.488,1.582,2.27
2020,Norway,Western Europe,7.487999916,0.670200884,1.008071899,0.434100568,0.287985086,1.42420733,1.495172501,3.39
2021,Norway,Western Europe,7.392,0.703,0.782,0.427,0.249,1.543,1.108,2.11
2022,Norway,Western Europe,7.365,0.728,0.786,0.474,0.217,1.997,1.239,2.88
2015,Pakistan,South Asia,5.194,0.12102,0.51466,0.10464,0.33671,0.59543,0.41411,21.54
2016,Pakistan,South Asia,5.132,0.14622,0.40306,0.1388,0.31185,0.68816,0.26135,22.17
2017,Pakistan,South Asia,5.269000053,0.235215262,0.402047783,0.124348067,0.315446019,0.726883531,0.67269069,21.93
2018,Pakistan,South Asia,5.472,0.334,0.424,0.113,0.216,0.652,0.81,22.24
2019,Pakistan,South Asia,5.653,0.313,0.535,0.098,0.22,0.677,0.886,21.37
2020,Pakistan,South Asia,5.69329977,0.405421734,0.469933242,0.122592121,0.228705063,0.616799474,0.872979581,21.18
2021,Pakistan,South Asia,4.934,0.418,0.322,0.097,0.252,0.637,0.423,22.03
2022,Pakistan,South Asia,4.516,0.448,0.374,0.112,0.181,1.049,0.413,22.23
2015,Panama,Latin America and Caribbean,6.786,0.5421,0.79661,0.0927,0.24434,1.06353,1.1985,26.06
2016,Panama,Latin America and Caribbean,6.701,0.48927,0.70835,0.08423,0.2418,1.18306,0.98912,26.05
2017,Panama,Latin America and Caribbean,6.452000141,0.550026834,0.706156135,0.070983924,0.210556939,1.233748436,1.373192549,25.63
2018,Panama,Latin America and Caribbean,6.43,0.597,0.759,0.063,0.125,1.112,1.438,25.56
2019,Panama,Latin America and Caribbean,6.321,0.516,0.91,0.054,0.109,1.149,1.442,25.9
2020,Panama,Latin America and Caribbean,6.304800034,0.57984978,0.878546536,0.054230526,0.097207308,1.097667813,1.376149297,25.89
2021,Panama,Latin America and Caribbean,6.18,0.596,0.667,0.053,0.079,1.298,0.976,25.59
2022,Panama,Latin America and Caribbean,6.309,0.592,0.709,0.051,0.049,1.715,1.107,25.33
2015,Paraguay,Latin America and Caribbean,5.878,0.53899,0.66098,0.08242,0.3424,0.75985,1.30477,24.56
2016,Paraguay,Latin America and Caribbean,5.538,0.46235,0.58295,0.07396,0.25296,0.89373,1.11111,23.55
2017,Paraguay,Latin America and Caribbean,5.493000031,0.473507792,0.579250693,0.091065913,0.224150658,0.932537317,1.50728488,24.35
2018,Paraguay,Latin America and Caribbean,5.681,0.541,0.615,0.074,0.162,0.835,1.522,23.74
2019,Paraguay,Latin America and Caribbean,5.743,0.514,0.777,0.08,0.184,0.855,1.475,24.25
2020,Paraguay,Latin America and Caribbean,5.692100048,0.586510062,0.735869646,0.065077379,0.204299241,0.897990823,1.36819756,24.62
2021,Paraguay,Latin America and Caribbean,5.653,0.602,0.549,0.037,0.206,0.983,0.97,24.01
2022,Paraguay,Latin America and Caribbean,5.578,0.629,0.624,0.059,0.171,1.409,1.13,23.86
2015,Peru,Latin America and Caribbean,5.824,0.41496,0.73017,0.05989,0.14982,0.90019,0.97459,20.28
2016,Peru,Latin America and Caribbean,5.743,0.37502,0.62994,0.05292,0.14527,0.99602,0.81255,20.22
2017,Peru,Latin America and Caribbean,5.715000153,0.450002879,0.630166113,0.047049087,0.126819715,1.035225272,1.218770385,19.99
2018,Peru,Latin America and Caribbean,5.663,0.53,0.674,0.034,0.092,0.934,1.249,19.59
2019,Peru,Latin America and Caribbean,5.697,0.455,0.854,0.027,0.083,0.96,1.274,19.9
2020,Peru,Latin America and Caribbean,5.796800137,0.513210058,0.824444175,0.02703266,0.091611817,0.91854918,1.208405972,19.96
2021,Peru,Latin America and Caribbean,5.84,0.536,0.623,0.031,0.087,0.986,0.833,19.79
2022,Peru,Latin America and Caribbean,5.559,0.545,0.735,0.037,0.09,1.397,0.865,19.58
2015,Philippines,Southeast Asia,5.073,0.62545,0.58114,0.12279,0.24991,0.70532,1.03516,26.46
2016,Philippines,Southeast Asia,5.279,0.54854,0.47036,0.11757,0.21674,0.81217,0.87877,26.79
2017,Philippines,Southeast Asia,5.429999828,0.585214674,0.468009055,0.099331893,0.193513423,0.857699215,1.253917575,26.35
2018,Philippines,Southeast Asia,5.524,0.643,0.513,0.105,0.12,0.775,1.312,26.55
2019,Philippines,Southeast Asia,5.631,0.558,0.657,0.107,0.117,0.807,1.293,26.62
2020,Philippines,Southeast Asia,6.006000042,0.621915162,0.602189481,0.130385727,0.129260212,0.775120676,1.245381713,26.73
2021,Philippines,Southeast Asia,5.88,0.651,0.426,0.126,0.125,0.853,0.828,26.7
2022,Philippines,Southeast Asia,5.904,0.678,0.514,0.142,0.107,1.268,0.912,26.61
2015,Poland,Central and Eastern Europe,5.791,0.53122,0.77903,0.04212,0.16759,1.12555,1.27948,9.79
2016,Poland,Central and Eastern Europe,5.835,0.4519,0.69058,0.055,0.14443,1.24585,1.04685,9.25
2017,Poland,Central and Eastern Europe,5.97300005,0.520342112,0.699475348,0.059307806,0.158465967,1.291787863,1.44571197,9.08
2018,Poland,Central and Eastern Europe,6.123,0.546,0.781,0.064,0.108,1.176,1.448,9.95
2019,Poland,Central and Eastern Europe,6.182,0.483,0.884,0.05,0.117,1.206,1.438,10.19
2020,Poland,Central and Eastern Europe,6.186299801,0.557903528,0.868038476,0.160541251,0.063374244,1.16922915,1.310399771,10.03
2021,Poland,Central and Eastern Europe,6.166,0.558,0.668,0.13,0.08,1.309,0.982,8.75
2022,Poland,Central and Eastern Europe,6.123,0.523,0.712,0.14,0.124,1.758,1.174,9.7
2015,Portugal,Western Europe,5.102,0.51469,0.87519,0.01078,0.13719,1.15991,1.13935,16.26
2016,Portugal,Western Europe,5.123,0.44727,0.79363,0.01521,0.11691,1.27607,0.94367,16.12
2017,Portugal,Western Europe,5.195000172,0.4984653,0.795843542,0.015869452,0.095102713,1.315175295,1.367043018,16.52
2018,Portugal,Western Europe,5.41,0.562,0.884,0.017,0.055,1.188,1.429,15.82
2019,Portugal,Western Europe,5.693,0.508,0.999,0.025,0.047,1.221,1.431,16.13
2020,Portugal,Western Europe,5.910900116,0.589895189,0.979315281,0.027733466,0.053036947,1.168800831,1.339530349,16.42
2021,Portugal,Western Europe,5.929,0.621,0.76,0.033,0.029,1.323,0.939,16.1
2022,Portugal,Western Europe,6.016,0.655,0.777,0.039,0.016,1.76,1.078,16.9
2015,Romania,Central and Eastern Europe,5.124,0.35068,0.7689,0.00649,0.13748,1.04345,0.88588,11.09
2016,Romania,Central and Eastern Europe,5.528,0.36712,0.67602,0.00679,0.12889,1.1697,0.72803,10.62
2017,Romania,Central and Eastern Europe,5.824999809,0.457003742,0.685158312,0.004387901,0.133519918,1.217683911,1.15009129,10.66
2018,Romania,Central and Eastern Europe,5.945,0.528,0.726,0.001,0.088,1.116,1.219,11.21
2019,Romania,Central and Eastern Europe,6.07,0.462,0.825,0.005,0.083,1.162,1.232,11.7
2020,Romania,Central and Eastern Europe,6.123700142,0.534852326,0.79229486,0.000829569,0.068181619,1.120401621,1.1944381,11.3
2021,Romania,Central and Eastern Europe,6.14,0.564,0.595,0.001,0.045,1.275,0.832,10.35
2022,Romania,Central and Eastern Europe,6.477,0.605,0.655,0.006,0.039,1.719,1.006,11.2
2015,Russia,Central and Eastern Europe,5.716,0.36679,0.66926,0.03005,0.00199,1.13764,1.23617,-2.88
2016,Russia,Central and Eastern Europe,5.856,0.32682,0.58991,0.03586,0.02736,1.23228,1.05261,-3.21
2017,Russia,Central and Eastern Europe,5.962999821,0.373783112,0.547349334,0.032962881,0.052263822,1.281778097,1.469282389,-2.89
2018,Russia,Central and Eastern Europe,5.81,0.399,0.599,0.025,0.065,1.151,1.479,-3.41
2019,Russia,Central and Eastern Europe,5.648,0.334,0.726,0.031,0.082,1.183,1.452,-2.85
2020,Russia,Central and Eastern Europe,5.546000004,0.399499595,0.68044591,0.045699362,0.099041916,1.126999617,1.378644109,-1.74
2021,Russia,Central and Eastern Europe,5.477,0.409,0.511,0.06,0.115,1.241,0.992,-3.65
2022,Russia,Central and Eastern Europe,5.459,0.401,0.586,0.08,0.117,1.685,1.095,-2.87
2015,Rwanda,Sub-Saharan Africa,3.465,0.59201,0.42864,0.55191,0.22628,0.22208,0.7737,19.07
2016,Rwanda,Sub-Saharan Africa,3.515,0.5432,0.31865,0.50521,0.23552,0.32846,0.61586,19.32
2017,Rwanda,Sub-Saharan Africa,3.470999956,0.581843853,0.326424807,0.455220014,0.252756029,0.368745893,0.945707023,19.48
2018,Rwanda,Sub-Saharan Africa,3.408,0.636,0.4,0.444,0.2,0.332,0.896,19.07
2019,Rwanda,Sub-Saharan Africa,3.334,0.555,0.614,0.411,0.217,0.359,0.711,19.26
2020,Rwanda,Sub-Saharan Africa,3.312299967,0.604087889,0.572383285,0.485542476,0.235704988,0.343242675,0.522876322,19.13
2021,Rwanda,Sub-Saharan Africa,3.415,0.627,0.407,0.493,0.227,0.364,0.202,19.21
2022,Rwanda,Sub-Saharan Africa,3.268,0.621,0.462,0.544,0.187,0.785,0.133,19.14
2015,Saudi Arabia,Middle East and North Africa,6.411,0.31048,0.72025,0.32524,0.13706,1.39541,1.08393,26.39
2016,Saudi Arabia,Middle East and North Africa,6.379,0.37904,0.59267,0.30008,0.15457,1.48953,0.84829,26.36
2017,Saudi Arabia,Middle East and North Africa,6.343999863,0.449750572,0.59014833,0.273432255,0.147616014,1.530623555,1.286677599,26.37
2018,Saudi Arabia,Middle East and North Africa,6.371,0.509,0.633,0.127,0.098,1.379,1.331,26.6
2019,Saudi Arabia,Middle East and North Africa,6.375,0.439,0.795,0.132,0.08,1.403,1.357,26.36
2020,Saudi Arabia,Middle East and North Africa,6.406499863,0.548477471,0.759818137,0.163322315,0.087440684,1.334328532,1.309950113,26.21
2021,Saudi Arabia,Middle East and North Africa,6.494,0.603,0.571,0.163,0.09,1.435,0.964,26.8
2022,Saudi Arabia,Middle East and North Africa,6.523,0.651,0.577,0.18,0.078,1.87,1.092,26.46
2015,Senegal,Sub-Saharan Africa,3.904,0.36772,0.4354,0.10713,0.20843,0.36498,0.97619,29.14
2016,Senegal,Sub-Saharan Africa,4.219,0.31056,0.40457,0.11681,0.19103,0.44314,0.77416,29.33
2017,Senegal,Sub-Saharan Africa,4.534999847,0.377922267,0.409362853,0.115460448,0.183468893,0.479309022,1.179691911,29.34
2018,Senegal,Sub-Saharan Africa,4.631,0.406,0.433,0.082,0.138,0.429,1.117,28.82
2019,Senegal,Sub-Saharan Africa,4.681,0.292,0.571,0.072,0.153,0.45,1.134,28.82
2020,Senegal,Sub-Saharan Africa,4.980800152,0.352400899,0.518391907,0.081865937,0.164397135,0.504061818,0.95459342,29.55
2021,Senegal,Sub-Saharan Africa,5.132,0.381,0.357,0.088,0.158,0.518,0.558,29.62
2022,Senegal,Sub-Saharan Africa,5.046,0.494,0.447,0.081,0.143,0.933,0.53,29.0
2015,Serbia,Central and Eastern Europe,5.123,0.20107,0.74836,0.02617,0.19231,0.92053,1.00964,12.18
2016,Serbia,Central and Eastern Europe,5.177,0.15718,0.6458,0.04339,0.20737,1.03437,0.81329,11.72
2017,Serbia,Central and Eastern Europe,5.394999981,0.208715528,0.650784671,0.040903781,0.220125884,1.069317579,1.258189797,11.87
2018,Serbia,Central and Eastern Europe,5.398,0.288,0.685,0.043,0.134,0.975,1.369,12.62
2019,Serbia,Central and Eastern Europe,5.603,0.282,0.854,0.039,0.137,1.004,1.383,12.79
2020,Serbia,Central and Eastern Europe,5.77820015,0.395428419,0.828403294,0.059447147,0.15028289,0.988181829,1.327448964,12.21
2021,Serbia,Central and Eastern Europe,6.078,0.482,0.634,0.066,0.189,1.101,0.924,11.7
2022,Serbia,Central and Eastern Europe,6.178,0.546,0.658,0.088,0.219,1.55,1.086,12.56
2015,Sierra Leone,Sub-Saharan Africa,4.507,0.4084,0.16490374400000002,0.08786,0.21488,0.33024,0.95571,26.68
2016,Sierra Leone,Sub-Saharan Africa,4.635,0.30685,0.16490374400000002,0.08196,0.23897,0.36485,0.628,26.97
2017,Sierra Leone,Sub-Saharan Africa,4.709000111,0.318697691,0.005564754,0.071095176,0.293040901,0.368420929,0.984136045,26.88
2018,Sierra Leone,Sub-Saharan Africa,4.571,0.355,0.16490374400000002,0.053,0.238,0.256,0.813,26.75
2019,Sierra Leone,Sub-Saharan Africa,4.374,0.309,0.242,0.045,0.252,0.268,0.841,26.58
2020,Sierra Leone,Sub-Saharan Africa,3.926399946,0.382027686,0.203953966,0.047940936,0.257647008,0.240560383,0.747984946,27.01
2021,Sierra Leone,Sub-Saharan Africa,3.849,0.408,0.1,0.047,0.243,0.279,0.377,27.19
2022,Sierra Leone,Sub-Saharan Africa,3.574,0.387,0.273,0.055,0.202,0.686,0.416,26.64
2015,Singapore,Southeast Asia,6.798,0.54252,1.02525,0.4921,0.31105,1.52186,1.02,27.98
2016,Singapore,Southeast Asia,6.739,0.4877,0.94719,0.46987,0.32706,1.64555,0.86758,28.18
2017,Singapore,Southeast Asia,6.572000027,0.549840569,0.949492395,0.464307785,0.345965981,1.69227767,1.353814363,27.79
2018,Singapore,Southeast Asia,6.343,0.631,1.008,0.457,0.261,1.529,1.451,27.84
2019,Singapore,Southeast Asia,6.262,0.556,1.141,0.453,0.271,1.572,1.463,28.19
2020,Singapore,Southeast Asia,6.377099991,0.635317206,1.137814283,0.533162236,0.218770906,1.519580126,1.39545691,28.02
2021,Singapore,Southeast Asia,6.377,0.664,0.897,0.547,0.176,1.695,1.019,27.75
2022,Singapore,Southeast Asia,6.48,0.672,0.851,0.587,0.163,2.149,1.127,27.7
2015,Slovakia,Central and Eastern Europe,5.995,0.31751,0.78902,0.03431,0.16893,1.16891,1.26999,9.83
2016,Slovakia,Central and Eastern Europe,6.078,0.23391,0.70367,0.02947,0.13837,1.27973,1.08268,9.21
2017,Slovakia,Central and Eastern Europe,6.09800005,0.295817465,0.712732911,0.024210852,0.136544481,1.325393558,1.505059242,9.09
2018,Slovakia,Central and Eastern Europe,6.173,0.354,0.776,0.014,0.118,1.21,1.537,10.06
2019,Slovakia,Central and Eastern Europe,6.198,0.334,0.881,0.014,0.121,1.246,1.504,10.17
2020,Slovakia,Central and Eastern Europe,6.280600071,0.423542529,0.853465259,0.011291441,0.116729774,1.194837689,1.424331188,9.63
2021,Slovakia,Central and Eastern Europe,6.331,0.468,0.653,0.018,0.107,1.304,1.066,8.79
2022,Slovakia,Central and Eastern Europe,6.391,0.479,0.707,0.025,0.118,1.736,1.232,9.81
2015,Slovenia,Central and Eastern Europe,5.848,0.60855,0.87337,0.03787,0.25328,1.18498,1.27385,10.56
2016,Slovenia,Central and Eastern Europe,5.768,0.53164,0.79151,0.03635,0.25738,1.29947,1.05613,10.13
2017,Slovenia,Central and Eastern Europe,5.757999897,0.572575808,0.790828228,0.045128979,0.242649093,1.341205955,1.452518821,10.11
2018,Slovenia,Central and Eastern Europe,5.948,0.633,0.856,0.051,0.16,1.219,1.506,10.96
2019,Slovenia,Central and Eastern Europe,6.118,0.564,0.953,0.057,0.144,1.258,1.523,10.99
2020,Slovenia,Central and Eastern Europe,6.363399982,0.646700144,0.932548046,0.076516323,0.145701498,1.208652496,1.464677691,10.54
2021,Slovenia,Central and Eastern Europe,6.461,0.69,0.722,0.085,0.122,1.36,1.093,10.0
2022,Slovenia,Central and Eastern Europe,6.63,0.685,0.769,0.115,0.118,1.81,1.249,11.04
2015,South Africa,Sub-Saharan Africa,4.642,0.33207,0.27688,0.08884,0.11973,0.92049,1.18468,18.87
2016,South Africa,Sub-Saharan Africa,4.459,0.42483,0.18611,0.08415,0.13656,1.02416,0.96053,18.98
2017,South Africa,Sub-Saharan Africa,4.828999996,0.479246736,0.18708007,0.072509497,0.13936238,1.054698706,1.384788632,18.51
2018,South Africa,Sub-Saharan Africa,4.724,0.516,0.33,0.056,0.103,0.94,1.41,18.65
2019,South Africa,Sub-Saharan Africa,4.722,0.389,0.469,0.055,0.13,0.96,1.351,19.27
2020,South Africa,Sub-Saharan Africa,4.814099789,0.43478182,0.407034069,0.05950214,0.126406848,0.902140439,1.259086251,18.47
2021,South Africa,Sub-Saharan Africa,4.956,0.447,0.265,0.051,0.144,0.967,0.895,18.06
2022,South Africa,Sub-Saharan Africa,5.194,0.442,0.361,0.046,0.089,1.425,1.088,18.42
2015,Spain,Western Europe,6.329,0.45951,0.95562,0.06398,0.18227,1.23011,1.31379,14.58
2016,Spain,Western Europe,6.361,0.37545,0.87896,0.06137,0.17665,1.34253,1.12945,14.42
2017,Spain,Western Europe,6.402999878,0.40878123,0.8889606,0.070914097,0.190133572,1.384397864,1.532090902,14.68
2018,Spain,Western Europe,6.31,0.449,0.965,0.074,0.142,1.251,1.538,14.29
2019,Spain,Western Europe,6.354,0.362,1.062,0.079,0.153,1.286,1.484,14.48
2020,Spain,Western Europe,6.400899887,0.425983816,1.051343083,0.109579779,0.16530548,1.230535269,1.421099186,14.72
2021,Spain,Western Europe,6.491,0.462,0.826,0.124,0.135,1.375,1.057,14.31
2022,Spain,Western Europe,6.476,0.505,0.808,0.149,0.101,1.808,1.211,15.3
2015,Sri Lanka,South Asia,4.271,0.53726,0.70806,0.09179,0.40828,0.83524,1.01905,27.35
2016,Sri Lanka,South Asia,4.415,0.50817,0.62007,0.07964,0.46978,0.97318,0.84783,27.71
2017,Sri Lanka,South Asia,4.440000057,0.561213255,0.625130832,0.073653966,0.490863562,1.009850144,1.259976387,27.45
2018,Sri Lanka,South Asia,4.471,0.585,0.672,0.05,0.307,0.918,1.314,27.33
2019,Sri Lanka,South Asia,4.366,0.47,0.831,0.047,0.244,0.949,1.265,27.68
2020,Sri Lanka,South Asia,4.327000141,0.528632462,0.792036712,0.049444564,0.252666146,0.897986948,1.19494009,27.64
2021,Sri Lanka,South Asia,4.325,0.559,0.593,0.049,0.239,0.99,0.82,27.4
2022,Sri Lanka,South Asia,4.362,0.529,0.66,0.079,0.15,1.415,0.934,27.24
2015,Sweden,Western Europe,7.364,0.6598,0.91087,0.43844,0.36262,1.33171,1.28907,3.97
2016,Sweden,Western Europe,7.291,0.58218,0.83121,0.40867,0.38254,1.45181,1.08764,3.49
2017,Sweden,Western Europe,7.28399992,0.612924099,0.830875158,0.384398729,0.385399252,1.494387269,1.478162169,3.21
2018,Sweden,Western Europe,7.314,0.659,0.913,0.383,0.285,1.355,1.501,3.63
2019,Sweden,Western Europe,7.343,0.574,1.009,0.373,0.267,1.387,1.487,3.4
2020,Sweden,Western Europe,7.353499889,0.650297701,0.986470461,0.442066371,0.272827893,1.322235227,1.433347702,4.53
2021,Sweden,Western Europe,7.363,0.685,0.763,0.448,0.244,1.478,1.062,3.08
2022,Sweden,Western Europe,7.384,0.724,0.803,0.512,0.218,1.92,1.204,3.84
2015,Switzerland,Western Europe,7.587,0.66557,0.94143,0.41978,0.29678,1.39651,1.34951,7.37
2016,Switzerland,Western Europe,7.509,0.58557,0.86303,0.41203,0.28083,1.52733,1.14524,6.71
2017,Switzerland,Western Europe,7.493999958,0.620070577,0.858131289,0.367007285,0.290549278,1.564979553,1.516911745,6.85
2018,Switzerland,Western Europe,7.487,0.66,0.927,0.357,0.256,1.42,1.549,7.68
2019,Switzerland,Western Europe,7.48,0.572,1.052,0.343,0.263,1.452,1.526,7.31
2020,Switzerland,Western Europe,7.559899807,0.62895447,1.040533185,0.407945901,0.269055754,1.39077425,1.472403407,7.64
2021,Switzerland,Western Europe,7.571,0.653,0.816,0.413,0.204,1.566,1.079,6.39
2022,Switzerland,Western Europe,7.512,0.677,0.822,0.461,0.147,2.026,1.226,8.08
2015,Tajikistan,Commonwealth of Independent States,4.786,0.47216,0.57379,0.15072,0.22974,0.39047,0.85563,4.32
2016,Tajikistan,Commonwealth of Independent States,4.996,0.43408,0.53119,0.13509,0.25998,0.48835,0.75602,4.65
2017,Tajikistan,Commonwealth of Independent States,5.040999889,0.471566707,0.529235125,0.146377146,0.248997644,0.524713635,1.271463275,4.09
2018,Tajikistan,Commonwealth of Independent States,5.199,0.292,0.598,0.034,0.187,0.474,1.166,4.4
2019,Tajikistan,Commonwealth of Independent States,5.467,0.389,0.718,0.144,0.23,0.493,1.098,4.32
2020,Tajikistan,Commonwealth of Independent States,5.555699825,0.521141171,0.680594802,0.221779913,0.182417125,0.474874616,1.218377709,3.7
2021,Tajikistan,Commonwealth of Independent States,5.466,0.548,0.498,0.247,0.152,0.508,0.895,4.61
2022,Tajikistan,Commonwealth of Independent States,5.377,0.572,0.518,0.304,0.118,0.966,1.005,5.09
2015,Tanzania,Sub-Saharan Africa,3.781,0.32878,0.38215,0.05747,0.34377,0.2852,1.00268,23.03
2016,Tanzania,Sub-Saharan Africa,3.666,0.3176,0.357,0.05099,0.31472,0.47155,0.77623,23.19
2017,Tanzania,Sub-Saharan Africa,3.348999977,0.390017778,0.364509284,0.066035107,0.354256362,0.511135876,1.041989803,23.26
2018,Tanzania,Sub-Saharan Africa,3.303,0.481,0.381,0.097,0.27,0.455,0.991,22.86
2019,Tanzania,Sub-Saharan Africa,3.231,0.417,0.499,0.147,0.276,0.476,0.885,23.26
2020,Tanzania,Sub-Saharan Africa,3.476200104,0.509343088,0.442677855,0.203880861,0.27154091,0.457163125,0.872674644,23.1
2021,Tanzania,Sub-Saharan Africa,3.623,0.549,0.3,0.231,0.307,0.433,0.54,23.0
2022,Tanzania,Sub-Saharan Africa,3.702,0.578,0.425,0.27,0.248,0.848,0.597,22.9
2015,Thailand,Southeast Asia,6.455,0.55664,0.7385,0.03187,0.5763,0.9669,1.26504,27.3
2016,Thailand,Southeast Asia,6.474,0.49553,0.64915,0.02833,0.58696,1.0893,1.04477,27.41
2017,Thailand,Southeast Asia,6.423999786,0.580200732,0.647239029,0.031612735,0.57212311,1.127868772,1.425792456,26.93
2018,Thailand,Southeast Asia,6.072,0.637,0.707,0.029,0.364,1.016,1.417,26.92
2019,Thailand,Southeast Asia,6.008,0.557,0.828,0.028,0.359,1.05,1.409,27.49
2020,Thailand,Southeast Asia,5.998799801,0.609449804,0.793855846,0.031837862,0.376709014,1.007029295,1.347519517,27.42
2021,Thailand,Southeast Asia,5.985,0.611,0.596,0.028,0.375,1.107,0.957,26.9
2022,Thailand,Southeast Asia,5.891,0.617,0.697,0.026,0.321,1.535,1.096,26.78
2015,Togo,Sub-Saharan Africa,2.839,0.36453,0.28443,0.10731,0.16681,0.20868,0.13995,27.66
2016,Togo,Sub-Saharan Africa,3.303,0.34678,0.24811,0.11587,0.17517,0.28123,0.38949362699999995,27.88
2017,Togo,Sub-Saharan Africa,3.494999886,0.380426139,0.247105569,0.095665015,0.196896151,0.305444717,0.43188253,27.7
2018,Togo,Sub-Saharan Africa,3.999,0.434,0.253,0.101,0.158,0.259,0.474,27.66
2019,Togo,Sub-Saharan Africa,4.085,0.293,0.41,0.085,0.177,0.275,0.572,27.54
2020,Togo,Sub-Saharan Africa,4.187200069,0.303539038,0.342731178,0.114826456,0.200774252,0.268116266,0.547622859,27.81
2021,Togo,Sub-Saharan Africa,4.107,0.289,0.203,0.107,0.209,0.254,0.239,28.04
2022,Togo,Sub-Saharan Africa,4.112,0.292,0.36,0.132,0.174,0.771,0.322,27.47
2015,Tunisia,Middle East and North Africa,4.739,0.26268,0.73793,0.06358,0.06431,0.88113,0.60429,20.78
2016,Tunisia,Middle East and North Africa,5.045,0.23553,0.59577,0.0817,0.03936,0.97724,0.43165,21.05
2017,Tunisia,Middle East and North Africa,4.804999828,0.28968069,0.613212049,0.086723149,0.049693357,1.007265806,0.86835146,20.71
2018,Tunisia,Middle East and North Africa,4.592,0.271,0.69,0.063,0.04,0.9,0.906,20.71
2019,Tunisia,Middle East and North Africa,4.461,0.167,0.815,0.055,0.059,0.921,1.0,20.72
2020,Tunisia,Middle East and North Africa,4.392199993,0.235860556,0.781156719,0.043899573,0.055881143,0.874742687,0.872167706,20.86
2021,Tunisia,Middle East and North Africa,4.596,0.334,0.59,0.044,0.057,0.919,0.515,21.33
2022,Tunisia,Middle East and North Africa,4.516,0.316,0.656,0.029,0.029,1.35,0.596,21.44
2015,Turkey,Middle East and North Africa,5.332,0.22815,0.73172,0.15746,0.12253,1.06098,0.94632,11.72
2016,Turkey,Middle East and North Africa,5.389,0.23889,0.64718,0.12348,0.04707,1.16492,0.87717,12.08
2017,Turkey,Middle East and North Africa,5.5,0.3007406,0.637605608,0.09967158,0.046693042,1.198274374,1.337753177,11.9
2018,Turkey,Middle East and North Africa,5.483,0.324,0.686,0.109,0.106,1.148,1.38,13.11
2019,Turkey,Middle East and North Africa,5.373,0.195,0.808,0.106,0.083,1.183,1.36,12.46
2020,Turkey,Middle East and North Africa,5.131800175,0.25440076,0.781335294,0.120983243,0.085885569,1.127169251,1.197159171,12.65
2021,Turkey,Middle East and North Africa,4.948,0.236,0.59,0.104,0.097,1.26,0.809,12.61
2022,Turkey,Middle East and North Africa,4.744,0.209,0.702,0.115,0.087,1.707,0.865,12.24
2015,Turkmenistan,Commonwealth of Independent States,5.548,0.4761,0.53886,0.30844,0.16979,0.95847,1.22668,17.13
2016,Turkmenistan,Commonwealth of Independent States,5.658,0.37408,0.44006,0.28467,0.22567,1.08017,1.03817,17.35
2017,Turkmenistan,Commonwealth of Independent States,5.822000027,0.418271929,0.43772608,0.25927034,0.249924988,1.130776763,1.493149161,16.96
2018,Turkmenistan,Commonwealth of Independent States,5.636,0.417,0.517,0.037,0.199,1.016,1.533,17.14
2019,Turkmenistan,Commonwealth of Independent States,5.247,0.394,0.657,0.028,0.244,1.052,1.538,17.37
2020,Turkmenistan,Commonwealth of Independent States,5.119100094,0.515236676,0.612448037,0.03350389,0.323129326,1.008963585,1.510476947,16.45
2021,Turkmenistan,Commonwealth of Independent States,5.066,0.602,0.439,0.033,0.366,1.046,1.172,17.69
2022,Turkmenistan,Commonwealth of Independent States,5.474,0.649,0.516,0.032,0.314,1.484,1.319,17.66
2015,Uganda,Sub-Saharan Africa,3.931,0.45727,0.33861,0.07267,0.29066,0.21102,1.13299,23.08
2016,Uganda,Sub-Saharan Africa,3.739,0.43653,0.19625,0.06442,0.27102,0.34719,0.90981,23.38
2017,Uganda,Sub-Saharan Africa,4.080999851,0.443185955,0.217632607,0.057069719,0.325766057,0.381430715,1.129827738,23.3
2018,Uganda,Sub-Saharan Africa,4.161,0.45,0.237,0.061,0.259,0.322,1.09,23.08
2019,Uganda,Sub-Saharan Africa,4.189,0.356,0.443,0.06,0.252,0.332,1.069,23.33
2020,Uganda,Sub-Saharan Africa,4.43200016,0.401682556,0.378311664,0.063818842,0.264807373,0.312337428,1.052327394,23.34
2021,Uganda,Sub-Saharan Africa,4.636,0.398,0.24,0.054,0.267,0.364,0.718,23.22
2022,Uganda,Sub-Saharan Africa,4.603,0.402,0.418,0.066,0.222,0.777,0.875,23.14
2015,Ukraine,Central and Eastern Europe,4.681,0.25123,0.6739,0.02961,0.15275,0.79907,1.20278,10.36
2016,Ukraine,Central and Eastern Europe,4.324,0.12859,0.58628,0.01829,0.20363,0.87287,1.01413,9.71
2017,Ukraine,Central and Eastern Europe,4.096000195,0.122974776,0.575903952,0.023029471,0.270061463,0.894651949,1.394537568,9.84
2018,Ukraine,Central and Eastern Europe,4.103,0.163,0.609,0.011,0.187,0.793,1.413,9.88
2019,Ukraine,Central and Eastern Europe,4.332,0.178,0.739,0.01,0.187,0.82,1.39,10.69
2020,Ukraine,Central and Eastern Europe,4.56069994,0.319423705,0.698674381,0.00965116,0.178551316,0.780434608,1.321316481,10.86
2021,Ukraine,Central and Eastern Europe,4.875,0.417,0.517,0.01,0.181,0.979,0.958,9.37
2022,Ukraine,Central and Eastern Europe,5.084,0.473,0.583,0.017,0.188,1.411,1.081,10.04
2015,United Arab Emirates,Middle East and North Africa,6.901,0.64157,0.80925,0.38583,0.26428,1.42727,1.12575,28.65
2016,United Arab Emirates,Middle East and North Africa,6.573,0.56215,0.72993,0.35561,0.26591,1.57352,0.87114,28.66
2017,United Arab Emirates,Middle East and North Africa,6.647999763,0.60834527,0.726798236,0.324489564,0.360941947,1.626343369,1.266410232,28.63
2018,United Arab Emirates,Middle East and North Africa,6.774,0.284,0.67,0.27730615457142854,0.186,2.096,0.776,28.76
2019,United Arab Emirates,Middle East and North Africa,6.825,0.598,0.825,0.182,0.262,1.503,1.31,28.65
2020,United Arab Emirates,Middle East and North Africa,6.790800095,0.652936101,0.787814438,0.220213518,0.28065598,1.431086421,1.251170993,28.42
2021,United Arab Emirates,Middle East and North Africa,6.561,0.67,0.594,0.223,0.236,1.555,0.86,29.09
2022,United Arab Emirates,Middle East and North Africa,6.576,0.702,0.633,0.25,0.204,1.998,0.98,28.93
2015,United Kingdom,Western Europe,6.867,0.59625,0.90943,0.32067,0.51912,1.26637,1.28548,9.18
2016,United Kingdom,Western Europe,6.725,0.50036,0.80991,0.27399,0.50156,1.40283,1.08672,9.35
2017,United Kingdom,Western Europe,6.714000225,0.508190036,0.805335939,0.265428066,0.492774159,1.44163394,1.49646008,9.62
2018,United Kingdom,Western Europe,7.19,0.464,0.888,0.082,0.262,1.244,1.433,9.49
2019,United Kingdom,Western Europe,7.054,0.45,0.996,0.278,0.348,1.333,1.538,9.55
2020,United Kingdom,Western Europe,7.164500237,0.525168657,0.97570008,0.322601646,0.373433441,1.273061037,1.457844973,9.68
2021,United Kingdom,Western Europe,7.064,0.58,0.757,0.306,0.34,1.423,1.062,9.39
2022,United Kingdom,Western Europe,6.943,0.597,0.75,0.329,0.289,1.867,1.143,10.11
2015,United States,North America and ANZ,7.119,0.54604,0.86179,0.1589,0.40105,1.39451,1.24711,10.22
2016,United States,North America and ANZ,7.104,0.48163,0.779,0.14868,0.41077,1.50796,1.04782,10.64
2017,United States,North America and ANZ,6.993000031,0.505740523,0.774286628,0.135638788,0.392578781,1.546259284,1.419920564,10.22
2018,United States,North America and ANZ,6.886,0.547,0.819,0.133,0.291,1.398,1.471,9.89
2019,United States,North America and ANZ,6.892,0.454,0.874,0.128,0.28,1.433,1.457,9.73
2020,United States,North America and ANZ,6.939599991,0.534608245,0.831618011,0.152284741,0.298143059,1.37398684,1.404786706,10.02
2021,United States,North America and ANZ,6.951,0.554,0.621,0.154,0.252,1.533,1.03,10.01
2022,United States,North America and ANZ,6.977,0.574,0.628,0.177,0.22,1.982,1.182,9.73
2015,Uruguay,Latin America and Caribbean,6.485,0.60362,0.8116,0.24558,0.2324,1.06166,1.2089,18.37
2016,Uruguay,Latin America and Caribbean,6.545,0.54388,0.72183,0.21394,0.18056,1.18157,1.03143,17.71
2017,Uruguay,Latin America and Caribbean,6.453999996,0.579392254,0.719216824,0.178061873,0.175096929,1.217559695,1.412227869,18.78
2018,Uruguay,Latin America and Caribbean,6.379,0.625,0.771,0.155,0.13,1.093,1.459,18.24
2019,Uruguay,Latin America and Caribbean,6.293,0.523,0.891,0.15,0.127,1.124,1.465,18.15
2020,Uruguay,Latin America and Caribbean,6.440100193,0.59426707,0.856928885,0.193425074,0.132143691,1.071000457,1.425081134,18.13
2021,Uruguay,Latin America and Caribbean,6.431,0.625,0.649,0.223,0.128,1.164,1.042,18.06
2022,Uruguay,Latin America and Caribbean,6.474,0.665,0.672,0.265,0.103,1.615,1.18,17.73
2015,Uzbekistan,Commonwealth of Independent States,6.003,0.65821,0.59772,0.30826,0.22837,0.63244,1.34043,14.28
2016,Uzbekistan,Commonwealth of Independent States,5.987,0.60848,0.50163,0.28333,0.34326,0.73591,1.1681,14.65
2017,Uzbekistan,Commonwealth of Independent States,5.971000195,0.658248663,0.498272628,0.246528223,0.415983647,0.786441088,1.54896915,13.98
2018,Uzbekistan,Commonwealth of Independent States,6.096,0.724,0.605,0.259,0.328,0.719,1.584,13.83
2019,Uzbekistan,Commonwealth of Independent States,6.174,0.631,0.756,0.24,0.322,0.745,1.529,14.57
2020,Uzbekistan,Commonwealth of Independent States,6.257599831,0.693270326,0.716703713,0.280260265,0.363311023,0.696652949,1.434020042,13.89
2021,Uzbekistan,Commonwealth of Independent States,6.179,0.716,0.528,0.271,0.391,0.769,1.027,14.76
2022,Uzbekistan,Commonwealth of Independent States,6.063,0.716,0.6,0.24,0.283,1.219,1.092,14.86
2015,Venezuela,Latin America and Caribbean,6.81,0.42908,0.72052,0.11069,0.05841,1.04424,1.25596,26.26
2016,Venezuela,Latin America and Caribbean,6.084,0.19847,0.61904,0.08304,0.0425,1.13367,1.03302,26.29
2017,Venezuela,Latin America and Caribbean,5.25,0.153997123,0.617144227,0.064491123,0.06501963,1.128431201,1.431337595,25.87
2018,Venezuela,Latin America and Caribbean,4.806,0.133,0.657,0.052,0.056,0.996,1.469,25.57
2019,Venezuela,Latin America and Caribbean,4.707,0.154,0.805,0.047,0.064,0.96,1.427,25.87
2020,Venezuela,Latin America and Caribbean,5.053199768,0.271717221,0.76702553,0.063624777,0.087179154,0.770238638,1.348546863,25.92
2021,Venezuela,Latin America and Caribbean,4.892,0.284,0.574,0.072,0.078,0.852,0.897,25.61
2022,Venezuela,Latin America and Caribbean,4.925,0.283,0.578,0.082,0.225,0.9835114055714286,0.968,25.52
2015,Vietnam,Southeast Asia,5.36,0.59444,0.74676,0.10441,0.1686,0.63216,0.91226,25.29
2016,Vietnam,Southeast Asia,5.061,0.55954,0.66157,0.11556,0.25075,0.74037,0.79117,25.21
2017,Vietnam,Southeast Asia,5.073999882,0.571055591,0.652168989,0.087633237,0.234968051,0.788547575,1.277491331,24.84
2018,Vietnam,Southeast Asia,5.103,0.618,0.702,0.079,0.177,0.715,1.365,24.82
2019,Vietnam,Southeast Asia,5.175,0.543,0.851,0.073,0.147,0.741,1.346,25.41
2020,Vietnam,Southeast Asia,5.353499889,0.650835574,0.819133997,0.089848459,0.136488721,0.718092382,1.253074765,25.23
2021,Vietnam,Southeast Asia,5.411,0.679,0.616,0.091,0.124,0.817,0.873,25.04
2022,Vietnam,Southeast Asia,5.485,0.707,0.611,0.105,0.143,1.252,0.932,24.73
2015,Yemen,Middle East and North Africa,4.077,0.35571,0.40064,0.07854,0.09131,0.54649,0.68093,25.95
2016,Yemen,Middle East and North Africa,3.724,0.2287,0.31048,0.05892,0.09821,0.57939,0.47493,25.65
2017,Yemen,Middle East and North Africa,3.592999935,0.249463722,0.310080916,0.056767423,0.104125209,0.591683447,0.935382247,25.75
2018,Yemen,Middle East and North Africa,3.355,0.244,0.343,0.064,0.083,0.442,1.073,25.5
2019,Yemen,Middle East and North Africa,3.38,0.143,0.463,0.077,0.108,0.287,1.163,25.94
2020,Yemen,Middle East and North Africa,3.527400017,0.243721485,0.41500017,0.087352127,0.094689012,0.392701775,1.177477121,25.62
2021,Yemen,Middle East and North Africa,3.658,0.268,0.272,0.089,0.092,0.329,0.831,25.64
2022,Yemen,Middle East and North Africa,4.197,0.33,0.384,0.098,0.09,0.691,1.043,25.51
2015,Zambia,Sub-Saharan Africa,5.129,0.48827,0.29924,0.12468,0.19591,0.47038,0.91612,22.36
2016,Zambia,Sub-Saharan Africa,4.795,0.42662,0.23573,0.11479,0.17866,0.61202,0.6376,22.51
2017,Zambia,Sub-Saharan Africa,4.513999939,0.461603492,0.257835895,0.07821355,0.249580145,0.636406779,1.003187299,22.21
2018,Zambia,Sub-Saharan Africa,4.377,0.503,0.295,0.082,0.221,0.562,1.047,21.94
2019,Zambia,Sub-Saharan Africa,4.107,0.431,0.426,0.087,0.247,0.578,1.058,22.4
2020,Zambia,Sub-Saharan Africa,3.759399891,0.49131754,0.36359334,0.086705238,0.250620902,0.536833763,0.896037281,22.03
2021,Zambia,Sub-Saharan Africa,4.073,0.487,0.231,0.074,0.227,0.528,0.552,22.11
2022,Zambia,Sub-Saharan Africa,3.76,0.525,0.306,0.083,0.203,0.93,0.577,21.92
2015,Zimbabwe,Sub-Saharan Africa,4.61,0.25861,0.33475,0.08079,0.18987,0.271,1.03276,22.32
2016,Zimbabwe,Sub-Saharan Africa,4.193,0.25429,0.1595,0.08582,0.18503,0.35041,0.71478,22.25
2017,Zimbabwe,Sub-Saharan Africa,3.875,0.336384207,0.196763754,0.095375381,0.189143494,0.375846535,1.083095908,21.73
2018,Zimbabwe,Sub-Saharan Africa,3.692,0.406,0.248,0.099,0.132,0.357,1.094,22.09
2019,Zimbabwe,Sub-Saharan Africa,3.663,0.361,0.433,0.089,0.151,0.366,1.114,22.37
2020,Zimbabwe,Sub-Saharan Africa,3.299200058,0.37740472,0.375037611,0.080928579,0.151349187,0.425564021,1.047835231,21.93
2021,Zimbabwe,Sub-Saharan Africa,3.145,0.359,0.243,0.075,0.157,0.457,0.649,21.87
2022,Zimbabwe,Sub-Saharan Africa,2.995,0.329,0.27,0.105,0.106,0.947,0.69,21.83
